Accel-Sim [build accelsim-commit-_modified_0.0]

        *** GPGPU-Sim Simulator Version 4.2.0  [build gpgpu-sim_git-commit-_modified_0.0] ***


GPGPU-Sim: Configuration options:

-save_embedded_ptx                      0 # saves ptx files embedded in binary as <n>.ptx
-keep                                   0 # keep intermediate files created by GPGPU-Sim when interfacing with external programs
-gpgpu_ptx_save_converted_ptxplus                    0 # Saved converted ptxplus to a file
-gpgpu_occupancy_sm_number                   86 # The SM number to pass to ptxas when getting register usage for computing GPU occupancy. This parameter is required in the config.
-ptx_opcode_latency_int           4,4,4,4,21 # Opcode latencies for integers <ADD,MAX,MUL,MAD,DIV,SHFL>Default 1,1,19,25,145,32
-ptx_opcode_latency_fp           4,4,4,4,39 # Opcode latencies for single precision floating points <ADD,MAX,MUL,MAD,DIV>Default 1,1,1,1,30
-ptx_opcode_latency_dp      64,64,64,64,330 # Opcode latencies for double precision floating points <ADD,MAX,MUL,MAD,DIV>Default 8,8,8,8,335
-ptx_opcode_latency_sfu                   21 # Opcode latencies for SFU instructionsDefault 8
-ptx_opcode_latency_tesnor                   64 # Opcode latencies for Tensor instructionsDefault 64
-ptx_opcode_initiation_int            2,2,2,2,2 # Opcode initiation intervals for integers <ADD,MAX,MUL,MAD,DIV,SHFL>Default 1,1,4,4,32,4
-ptx_opcode_initiation_fp            2,2,2,2,2 # Opcode initiation intervals for single precision floating points <ADD,MAX,MUL,MAD,DIV>Default 1,1,1,1,5
-ptx_opcode_initiation_dp      64,64,64,64,130 # Opcode initiation intervals for double precision floating points <ADD,MAX,MUL,MAD,DIV>Default 8,8,8,8,130
-ptx_opcode_initiation_sfu                    8 # Opcode initiation intervals for sfu instructionsDefault 8
-ptx_opcode_initiation_tensor                   64 # Opcode initiation intervals for tensor instructionsDefault 64
-cdp_latency         7200,8000,100,12000,1600 # CDP API latency <cudaStreamCreateWithFlags, cudaGetParameterBufferV2_init_perWarp, cudaGetParameterBufferV2_perKernel, cudaLaunchDeviceV2_init_perWarp, cudaLaunchDevicV2_perKernel>Default 7200,8000,100,12000,1600
-network_mode                           2 # Interconnection network mode
-inter_config_file                   mesh # Interconnection network config file
-icnt_in_buffer_limit                  512 # in_buffer_limit
-icnt_out_buffer_limit                  512 # out_buffer_limit
-icnt_subnets                           2 # subnets
-icnt_arbiter_algo                      1 # arbiter_algo
-icnt_verbose                           0 # inct_verbose
-icnt_grant_cycles                      1 # grant_cycles
-gpgpu_ptx_use_cuobjdump                    1 # Use cuobjdump to extract ptx and sass from binaries
-gpgpu_experimental_lib_support                    0 # Try to extract code from cuda libraries [Broken because of unknown cudaGetExportTable]
-checkpoint_option                      0 #  checkpointing flag (0 = no checkpoint)
-checkpoint_kernel                      1 #  checkpointing during execution of which kernel (1- 1st kernel)
-checkpoint_CTA                         0 #  checkpointing after # of CTA (< less than total CTA)
-resume_option                          0 #  resume flag (0 = no resume)
-resume_kernel                          0 #  Resume from which kernel (1= 1st kernel)
-resume_CTA                             0 #  resume from which CTA 
-checkpoint_CTA_t                       0 #  resume from which CTA 
-checkpoint_insn_Y                      0 #  resume from which CTA 
-gpgpu_ptx_convert_to_ptxplus                    0 # Convert SASS (native ISA) to ptxplus and run ptxplus
-gpgpu_ptx_force_max_capability                   86 # Force maximum compute capability
-gpgpu_ptx_inst_debug_to_file                    0 # Dump executed instructions' debug information to file
-gpgpu_ptx_inst_debug_file       inst_debug.txt # Executed instructions' debug output file
-gpgpu_ptx_inst_debug_thread_uid                    1 # Thread UID for executed instructions' debug output
-gpgpu_simd_model                       1 # 1 = post-dominator
-gpgpu_shader_core_pipeline              1536:32 # shader core pipeline config, i.e., {<nthread>:<warpsize>}
-gpgpu_tex_cache:l1  N:4:128:256,L:R:m:N:L,T:512:8,128:2 # per-shader L1 texture cache  (READ-ONLY) config  {<nsets>:<bsize>:<assoc>,<rep>:<wr>:<alloc>:<wr_alloc>,<mshr>:<N>:<merge>,<mq>:<rf>}
-gpgpu_const_cache:l1 N:4:64:8,L:R:f:N:L,S:32:32,32 # per-shader L1 constant memory cache  (READ-ONLY) config  {<nsets>:<bsize>:<assoc>,<rep>:<wr>:<alloc>:<wr_alloc>,<mshr>:<N>:<merge>,<mq>} 
-gpgpu_cache:il1     N:64:128:16,L:R:f:N:L,S:32:32,32 # shader L1 instruction cache config  {<nsets>:<bsize>:<assoc>,<rep>:<wr>:<alloc>:<wr_alloc>,<mshr>:<N>:<merge>,<mq>} 
-gpgpu_cache:il0     N:8:128:32,L:R:f:N:L,S:32:16,8 # shader L0 instruction cache config  {<nsets>:<bsize>:<assoc>,<rep>:<wr>:<alloc>:<wr_alloc>,<mshr>:<N>:<merge>,<mq>} 
-gpgpu_cache:dl1     S:4:128:256,L:T:m:L:L,A:384:48,32:0,32 # per-shader L1 data cache config  {<nsets>:<bsize>:<assoc>,<rep>:<wr>:<alloc>:<wr_alloc>,<mshr>:<N>:<merge>,<mq> | none}
-gpgpu_l1_cache_write_ratio                    0 # L1D write ratio
-gpgpu_l1_banks                         4 # The number of L1 cache banks
-gpgpu_l1_banks_byte_interleaving                   32 # l1 banks byte interleaving granularity
-gpgpu_l1_banks_hashing_function                    0 # l1 banks hashing function
-gpgpu_l1_latency                       1 # L1 Hit Latency
-gpgpu_smem_latency                     3 # smem Latency
-gpgpu_cache:dl1PrefL1                 none # per-shader L1 data cache config  {<nsets>:<bsize>:<assoc>,<rep>:<wr>:<alloc>:<wr_alloc>,<mshr>:<N>:<merge>,<mq> | none}
-gpgpu_cache:dl1PrefShared                 none # per-shader L1 data cache config  {<nsets>:<bsize>:<assoc>,<rep>:<wr>:<alloc>:<wr_alloc>,<mshr>:<N>:<merge>,<mq> | none}
-gpgpu_gmem_skip_L1D                    0 # global memory access skip L1D cache (implements -Xptxas -dlcm=cg, default=no skip)
-gpgpu_perfect_mem                      0 # enable perfect memory mode (no cache miss)
-n_regfile_gating_group                    4 # group of lanes that should be read/written together)
-gpgpu_clock_gated_reg_file                    0 # enable clock gated reg file for power calculations
-gpgpu_clock_gated_lanes                    0 # enable clock gated lanes for power calculations
-gpgpu_shader_registers                65536 # Number of registers per shader core. Limits number of concurrent CTAs. (default 8192)
-gpgpu_registers_per_block                65536 # Maximum number of registers per CTA. (default 8192)
-gpgpu_ignore_resources_limitation                    0 # gpgpu_ignore_resources_limitation (default 0)
-gpgpu_shader_cta                      32 # Maximum number of concurrent CTAs in shader (default 32)
-gpgpu_num_cta_barriers                   16 # Maximum number of named barriers per CTA (default 16)
-gpgpu_n_clusters                      68 # number of processing clusters
-gpgpu_n_cores_per_cluster                    1 # number of simd cores per cluster
-gpgpu_n_cluster_ejection_buffer_size                   32 # number of packets in ejection buffer
-gpgpu_n_ldst_response_buffer_size                    2 # number of response packets in ld/st unit ejection buffer
-gpgpu_shmem_per_block                49152 # Size of shared memory per thread block or CTA (default 48kB)
-gpgpu_shmem_size                  102400 # Size of shared memory per shader core (default 16kB)
-gpgpu_shmem_option      0,8,16,32,64,100 # Option list of shared memory sizes
-gpgpu_unified_l1d_size                  128 # Size of unified data cache(L1D + shared memory) in KB
-gpgpu_adaptive_cache_config                    1 # adaptive_cache_config
-gpgpu_shmem_sizeDefault               102400 # Size of shared memory per shader core (default 16kB)
-gpgpu_shmem_size_PrefL1                16384 # Size of shared memory per shader core (default 16kB)
-gpgpu_shmem_size_PrefShared                16384 # Size of shared memory per shader core (default 16kB)
-gpgpu_shmem_num_banks                   32 # Number of banks in the shared memory in each shader core (default 16)
-gpgpu_shmem_limited_broadcast                    0 # Limit shared memory to do one broadcast per cycle (default on)
-gpgpu_shmem_warp_parts                    1 # Number of portions a warp is divided into for shared memory bank conflict check 
-gpgpu_mem_unit_ports                    1 # The number of memory transactions allowed per core cycle
-gpgpu_shmem_warp_parts                    1 # Number of portions a warp is divided into for shared memory bank conflict check 
-gpgpu_warpdistro_shader                   -1 # Specify which shader core to collect the warp size distribution from
-gpgpu_warp_issue_shader                    0 # Specify which shader core to collect the warp issue distribution from
-gpgpu_local_mem_map                    1 # Mapping from local memory space address to simulated GPU physical address space (default = enabled)
-gpgpu_num_reg_banks                    8 # Number of register banks (default = 8)
-gpgpu_reg_bank_use_warp_id                    0 # Use warp ID in mapping registers to banks (default = off)
-gpgpu_sub_core_model                    1 # Sub Core Volta/Pascal model (default = off)
-gpgpu_enable_specialized_operand_collector                    0 # enable_specialized_operand_collector
-gpgpu_operand_collector_num_units_sp                    4 # number of collector units (default = 4)
-gpgpu_operand_collector_num_units_dp                    0 # number of collector units (default = 0)
-gpgpu_operand_collector_num_units_sfu                    4 # number of collector units (default = 4)
-gpgpu_operand_collector_num_units_int                    0 # number of collector units (default = 0)
-gpgpu_operand_collector_num_units_tensor_core                    4 # number of collector units (default = 4)
-gpgpu_operand_collector_num_units_mem                    2 # number of collector units (default = 2)
-gpgpu_operand_collector_num_units_gen                    8 # number of collector units (default = 0)
-gpgpu_operand_collector_num_in_ports_sp                    1 # number of collector unit in ports (default = 1)
-gpgpu_operand_collector_num_in_ports_dp                    0 # number of collector unit in ports (default = 0)
-gpgpu_operand_collector_num_in_ports_sfu                    1 # number of collector unit in ports (default = 1)
-gpgpu_operand_collector_num_in_ports_int                    0 # number of collector unit in ports (default = 0)
-gpgpu_operand_collector_num_in_ports_tensor_core                    1 # number of collector unit in ports (default = 1)
-gpgpu_operand_collector_num_in_ports_mem                    1 # number of collector unit in ports (default = 1)
-gpgpu_operand_collector_num_in_ports_gen                    8 # number of collector unit in ports (default = 0)
-gpgpu_operand_collector_num_out_ports_sp                    1 # number of collector unit in ports (default = 1)
-gpgpu_operand_collector_num_out_ports_dp                    0 # number of collector unit in ports (default = 0)
-gpgpu_operand_collector_num_out_ports_sfu                    1 # number of collector unit in ports (default = 1)
-gpgpu_operand_collector_num_out_ports_int                    0 # number of collector unit in ports (default = 0)
-gpgpu_operand_collector_num_out_ports_tensor_core                    1 # number of collector unit in ports (default = 1)
-gpgpu_operand_collector_num_out_ports_mem                    1 # number of collector unit in ports (default = 1)
-gpgpu_operand_collector_num_out_ports_gen                    8 # number of collector unit in ports (default = 0)
-gpgpu_coalesce_arch                   86 # Coalescing arch (GT200 = 13, Fermi = 20)
-gpgpu_num_sched_per_core                    4 # Number of warp schedulers per core
-gpgpu_max_insn_issue_per_warp                    1 # Max number of instructions that can be issued per warp in one cycle by scheduler (either 1 or 2)
-gpgpu_dual_issue_diff_exec_units                    1 # should dual issue use two different execution unit resources (Default = 1)
-gpgpu_simt_core_sim_order                    1 # Select the simulation order of cores in a cluster (0=Fix, 1=Round-Robin)
-gpgpu_pipeline_widths 4,4,4,4,4,4,4,4,4,4,8,4,4 # Pipeline widths ID_OC_SP,ID_OC_DP,ID_OC_INT,ID_OC_SFU,ID_OC_MEM,OC_EX_SP,OC_EX_DP,OC_EX_INT,OC_EX_SFU,OC_EX_MEM,EX_WB,ID_OC_TENSOR_CORE,OC_EX_TENSOR_CORE
-gpgpu_tensor_core_avail                    1 # Tensor Core Available (default=0)
-gpgpu_num_sp_units                     4 # Number of SP units (default=1)
-gpgpu_num_dp_units                     0 # Number of DP units (default=0)
-gpgpu_num_int_units                    4 # Number of INT units (default=0)
-gpgpu_num_sfu_units                    4 # Number of SF units (default=1)
-gpgpu_num_tensor_core_units                    4 # Number of tensor_core units (default=1)
-gpgpu_num_mem_units                    1 # Number if ldst units (default=1) WARNING: not hooked up to anything
-gpgpu_scheduler                      gto # Scheduler configuration: < lrr | gto | two_level_active > If two_level_active:<num_active_warps>:<inner_prioritization>:<outer_prioritization>For complete list of prioritization values see shader.h enum scheduler_prioritization_typeDefault: gto
-gpgpu_concurrent_kernel_sm                    0 # Support concurrent kernels on a SM (default = disabled)
-gpgpu_perfect_inst_const_cache                    0 # perfect inst and const cache mode, so all inst and const hits in the cache(default = disabled)
-gpgpu_inst_fetch_throughput                    4 # the number of fetched intruction per warp each cycle
-gpgpu_reg_file_port_throughput                    2 # the number ports of the register file
-specialized_unit_1         0,4,4,4,4,BRA # specialized unit config {<enabled>,<num_units>:<latency>:<initiation>,<ID_OC_SPEC>:<OC_EX_SPEC>,<NAME>}
-specialized_unit_2       1,4,200,4,4,TEX # specialized unit config {<enabled>,<num_units>:<latency>:<initiation>,<ID_OC_SPEC>:<OC_EX_SPEC>,<NAME>}
-specialized_unit_3         0,4,4,4,4,BRA # specialized unit config {<enabled>,<num_units>:<latency>:<initiation>,<ID_OC_SPEC>:<OC_EX_SPEC>,<NAME>}
-specialized_unit_4         0,4,4,4,4,BRA # specialized unit config {<enabled>,<num_units>:<latency>:<initiation>,<ID_OC_SPEC>:<OC_EX_SPEC>,<NAME>}
-specialized_unit_5         0,4,4,4,4,BRA # specialized unit config {<enabled>,<num_units>:<latency>:<initiation>,<ID_OC_SPEC>:<OC_EX_SPEC>,<NAME>}
-specialized_unit_6         0,4,4,4,4,BRA # specialized unit config {<enabled>,<num_units>:<latency>:<initiation>,<ID_OC_SPEC>:<OC_EX_SPEC>,<NAME>}
-specialized_unit_7         0,4,4,4,4,BRA # specialized unit config {<enabled>,<num_units>:<latency>:<initiation>,<ID_OC_SPEC>:<OC_EX_SPEC>,<NAME>}
-specialized_unit_8         0,4,4,4,4,BRA # specialized unit config {<enabled>,<num_units>:<latency>:<initiation>,<ID_OC_SPEC>:<OC_EX_SPEC>,<NAME>}
-is_trace_predication_enabled                    0 # If enabled, the predication information of the traces is read and treated as regular registers beggining with the identifier 257 (264 in execution for PT which is P7 in traces).(default = disabled)
-scoreboard_war_mode                  opc # Scoreboard war mode: < disabled | wb | opc > It enables a scoreboard_reads to solve potential WAR issues due to operand collector OoO issue.wb: releases source register when the instruction is at WB stage.opc: releases source register when the instruction leaves the operand collector stageDefault: opc
-scoreboard_war_max_uses_per_reg                 9999 # Number of maximum uses per register allowed in the scoreboard_reads in order to prevent WAR hazards in the baseline. (default=9999)
-scoreboard_war_static_power                    0 # Static power consumption of each scoreboard war that has more than one bit.Configure to any positive number (default=0)
-scoreboard_war_dynamic_power                    0 # Dynamic power consumption of each scoreboard war that has more than one bitr.Configure to any positive number (default=0)
-is_fix_memory_reordering_enabled_baseline                    0 # If enabled, the baseline fixes loads after issuing a store. The warp won't be allowed to issue loads until the store reaches WB.Fix loads after store (default = disabled)
-is_fetch_and_decode_improved                    1 # If enabled, the fetch and decode stages are separeted for each sub-core and gpgpu_inst_fetch_throughput is disabled.Fix the stages fetch and decode (default = disabled)
-is_L0I_enabled                         1 # If enabled, each sub-core has its own L0I. Only works if is_fetch_and_decode_improved is enabled too.Adds a L0I to each sub-core (default = disabled)
-max_request_allowed_to_L1I                    1 # Number of maximum request allowed to L1I in a given cycle. Also known as maximum number of ports for requestsConfigure to any positive number (default=1)
-max_reply_allowed_from_L1I                    1 # Number of maximum reply allowed from L1I in a given cycle. Also known as maximum number of ports for repliesConfigure to any positive number (default=1)
-latency_L0_to_L1                      39 # Latency of requests from L0 and L1. L1 if it is instruction cahce, L1.5 constant cache.Configure to any positive number (default=40)
-latency_L1_to_L0                      39 # Latency of replies from L1 to L0. L1 if it is instruction cahce, L1.5 constant cache..Configure to any positive number (default=40)
-is_fix_instruction_fetch_misalignment                    0 # If enabled, instructions that are stored in different blocks of the Instruction cache won't be decoded and placed in the Instruction Buffer in the same fetch request. Only works if is_fetch_and_decode_improved is enabled too.Fix misaligment when fetching instructions (default = disabled)
-is_fix_different_kernels_pc_addresses                    0 # If enabled, instruction addresses of different kernels to have a different address request in memory. It is mandatory to enable -is_fetch_and_decode_improved too.Fix instruction pc addresses requests (default = disabled)
-is_fix_not_decoding_not_contiguos_instructions                    0 # If enabled, instructions with a separated PC are prevented from being decoding because it is impossible that have been fetch in the same request. It is mandatory to enable -is_fetch_and_decode_improved too.Fix instruction decodign when the following PC is far from the previous PC (default = disabled)
-is_improved_ldst_unit_enabled                    0 # If enabled, the modeling of LDST_Unit is improved. Supporting to dispatch instructions and do different actions from different sub-cores.Improves the modeling of the LDST_Unit (default = disabled)
-is_improved_result_bus                    0 # If enabled, the modeling of result bus is improved. It takes into account the number of ports in each RF bank to do not schedule instructions that are going to finish in the same cycle for more than the ports that are in that RF bank.Improves the modeling of the result bus (default = disabled)
-is_opc_improved                        0 # If enabled, the OPC stage does not used the gpgpu_reg_file_port_throughput to make a loop of the OPC and recreates OPC stage more faithfully.gpgpu_reg_file_port_throughput will be used as the number of ports for each register file bank.Fix the OPC stage (default = disabled)
-cu_num_ports                           2 # Number of ports for each Collector Unit when they read operands from the Register File. Only enabled if is_opc_improved is enabled.Configure to any positive number (default=2)
-is_skip_rf_limit_enabled                    0 # If enabled, the limitation of registers for a RF is not done.Skips checking the limitation of registers for a CTA (default = disabled)
-is_relax_barriers_baseline                    0 # If enabled, after a barrier only memory operations will stall a warp when this is waiting in a barrier (default = disabled)
-is_extended_ibuffer_enabled                    0 # If enabled, the extended buffer is used. Also if LOOG is enabled.(default = disabled)
-extended_ibuffer_size                    8 # Size of the extended Instruction Buffer. If LOOG is enabled, loog_frontend_size is used instead of this variable.Configure to any positive number (default=8)
-fetch_decode_width                     1 # Size of the fetch and decode width. Cannot be bigger than extended_ibuffer_size or ibuffer_remodeled_size. If LOOG is enabled, loog_frontend_size is used instead of this variable.Configure to any positive number (default=2)
-extended_ibuffer_static_power                    0 # Static power consumption of each Extended Ibuffer.Configure to any positive number (default=0)
-extended_ibuffer_dynamic_power                    0 # Dynamic power consumption of each Extended Ibuffer.Configure to any positive number (default=0)
-vpreg_mode                      disabled # Virtual Physical Registers mode: < disabled | reissue | reissue_informed > It enables a VPREG improvement in order to use renaming and reduce the size of register file. It also needs that -ibuffer_ooo_mode is set to wb.reissue: In case of not having free physical registers at WB, the bits is_issued and is_reissued of the instruction in IBuffer_ooo are set to 1 and the instruction will be reissued.reissue_informed: It works equally to reissue mode. However, the SOCGPU module knows and prevents to select instructions that are not the oldest when there aren't free physical registers.disabled: The improvement is disabled.Default: disabled
-vpreg_num_virtual_regs_per_sm                 2052 # Number of virtual register inside each SM. Later on this number will be divided in 4 to assign equally to each sub-core. Recommended to be a power of 2It is only used if vpreg is enabled. It should be bigger than the number of physical + maximum of destination registers allowed in an instruction.Configure to any number (default=2052)
-vpreg_num_physical_regs_per_sm                 2048 # Number of physical register inside each SM. Later on this number will be divided in 4 to assign equally to each sub-core. Recommended to be a power of 2It is only used if vpreg is enabled.Configure to any positive number (default=2048)
-vpreg_balanced_banks_mode                    0 # If enabled, the allocation of physical registers will be balanced across the different banks.Virtual physical registers balanced banks mode (default = disabled)
-vpreg_reissue_informed_socgpu_threshold                    0 # Number of physical registers that when it reaches this number or less than this number, only warps with the oldest instruction ready will be consider to be issued .It is only used if vpreg is set to reissue_informed. It should be greater or equal than 0. This number will be for each sub-core free pool.Configure to any number greater or equal than 0 (default=0)
-vpreg_max_rollback_entries_done_in_a_cycle                    0 # Number of maximum entries that can do a rollback from the Instruction Buffer to the decode VMT in a cycle. Until the rollback is finished, the decode for that warp is stalled.If is set to 0 is treated like an ideal scenario where all the entries of the Instruction Bufffer do the rollback the same cycle as the flush is detected. Therefore, there isn't any stall. If it is configured equal to the size of the Instruction Buffer, it will have only one cycle stall.Configure to any number greater or equal than 0 and smaller or equal than the size of the Instruction Buffer(default=0)
-is_vpreg_predicated_war_waw_dependencies_ignored                    0 # If enabled, the war and waw hazards because there is a predication register involded are ignored (default = disabled)
-is_vpreg_predicated_dest_reg_dependencies_ignored                    0 # If enabled, the dependencies when two instructions have the same logical destination register and different predication is ignored (default = disabled)
-vpreg_merge_module_static_power                    0 # Static power consumption of each VPREG merge module.Configure to any positive number (default=0)
-vpreg_merge_module_dynamic_power                    0 # Dynamic power consumption of each VPREG merge module.Configure to any positive number (default=0)
-vpreg_collector_unit_extra_static_power                    0 # Static power consumption of each collector unit module.Configure to any positive number (default=0)
-vpreg_collector_unit_extra_dynamic_power                    0 # Dynamic power consumption of each collector unit module.Configure to any positive number (default=0)
-is_SM_remodeling_enabled                    1 # If enabled, the simulator will use a more accurate model for the SMs based on NVIDIA Volta/Turing/Ampere.is_SM_remodeling_enabled (default = disabled)
-num_subcores_in_SM                     4 # Configures the number of subcores in the SM. Usually 4 in the latests NVIDIA architectures since Volta.num_subcores_in_SM (default = 4)
-is_remodeling_scoreboarding_enabled                    0 # If enabled, the simulator will use scoreboards in the accurate model for the SMs based on NVIDIA Volta/Turing/Ampere. Otherwise, it will use the model based on hints in the control bits written by the compiler. If it uses PTX mode, Scoreboards will be also enabled due to the imposibility of using the control bits. is_remodeling_scoreboarding_enabled (default = disabled)
-is_ibuffer_remodeled_enabled                    1 # If enabled, the extended buffer is used. Also if LOOG is enabled.(default = disabled)
-ibuffer_remodeled_size                    3 # Size of the extended Instruction Buffer. If LOOG is enabled, loog_frontend_size is used instead of this variable.Configure to any positive number (default=3)
-num_wait_barriers_per_warp                    6 # Number of wait barriers that each warp has. Current architectures like Volta/Turing/Ampere have 6 barriers.Configure to any positive number (default=6)
-sfu_latency                           21 # Latency of the SFU instructions.Configure to any positive number (default=21)
-tensor_latency                        32 # Maximum latency of the Tensor instructions.Configure to any positive number (default=32)
-tensor_extra_latency_16816_fp32_1688_fp32                   16 # Maximum latency of the Tensor instructions.Configure to any positive number (default=0)
-tensor_rate_per_cycle                 2048 # Rate of processing of the tensor cores per cycle.Configure to any positive number (default=2048)
-branch_latency                         2 # Latency of the branch instructions.Configure to any positive number (default=1)
-half_latency                           3 # Latency of the half instructions.Configure to any positive number (default=2)
-uniform_latency                        2 # Latency of the uniform instructions.Configure to any positive number (default=2)
-predicate_latency                     13 # Latency of the predicate instructions.Configure to any positive number (default=2)
-miscellaneous_queue_latency                    2 # Latency of the miscellaneous queue instructions.Configure to any positive number (default=2)
-miscellaneous_no_queue_latency                    1 # Latency of the miscellaneous no queue instructions.Configure to any positive number (default=1)
-sfu_initiation                         8 # Initiation interval of the SFU instructions in the dispatch latch. The number of cycles-1 that an instruction can not be sent to the same execution pipeline.Configure to any positive number (default=8)
-tensor_initiation                     16 # Initiation interval of the Tensor instructions in the dispatch latch. The number of cycles-1 that an instruction can not be sent to the same execution pipeline.Configure to any positive number (default=16)
-branch_initiation                      1 # Initiation interval of the branch instructions in the dispatch latch. The number of cycles-1 that an instruction can not be sent to the same execution pipeline.Configure to any positive number (default=1)
-half_initiation                        2 # Initiation interval of the half instructions in the dispatch latch. The number of cycles-1 that an instruction can not be sent to the same execution pipeline.Configure to any positive number (default=2)
-uniform_initiation                     2 # Initiation interval of the uniform instructions in the dispatch latch. The number of cycles-1 that an instruction can not be sent to the same execution pipeline.Configure to any positive number (default=2)
-predicate_initiation                    2 # Initiation interval of the predicate instructions in the dispatch latch. The number of cycles-1 that an instruction can not be sent to the same execution pipeline.Configure to any positive number (default=2)
-miscellaneous_queue_initiation                    2 # Initiation interval of the miscellaneous queue instructions in the dispatch latch. The number of cycles-1 that an instruction can not be sent to the same execution pipeline.Configure to any positive number (default=2)
-miscellaneous_no_queue_initiation                    1 # Initiation interval of the miscellaneous no queue instructions in the dispatch latch. The number of cycles-1 that an instruction can not be sent to the same execution pipeline.Configure to any positive number (default=1)
-miscellaneous_queue_size                    3 # Size of the queue inside each subcore for the miscellaneous queue instructions.Configure to any positive number (default=2)
-memory_subcore_queue_size                    4 # Size of the queue inside each subcore for the LD/ST/TEXT instructions before being sent to the shared unit of the SM.Configure to any positive number (default=4)
-memory_intermidiate_stages_subcore_unit                    6 # Number of intermediate stages in the memory pipeline of the subcore unit.Configure to any positive number (default=3)
-memory_sm_prt_size                   128 # Size of the PRT inside the shared memory unit in each SM. It allows to have several instructions solving their accesses to the different types of memories.Configure to any positive number (default=64)
-num_cycles_to_wait_to_dispatch_another_inst_from_subcore_to_sm_shared_pipeline_when_is_mem_inst                    2 # Number of cycles that the shared pipelines by sub-cores in the SM needs to wait until it is allowed to do the next issue when dispatched instruction is memory. Current cycle is included in the counter. For example, 1 allows to issue the next cycle.Configure to any positive number (default=2)
-num_cycles_to_wait_to_dispatch_another_inst_from_subcore_to_sm_shared_pipeline_when_is_dp_inst                    1 # Number of cycles that the shared pipelines by sub-cores in the SM needs to wait until it is allowed to do the next issue when dispatched instruction is DP. Only effective if -dp_sm_shared_queue_size is 1. Current cycle is included in the counter. For example, 1 allows to issue the next cycle.Configure to any positive number (default=1)
-memory_subcore_extra_latency_load_shared_mem                    2 # Offset latency of the shared memory instruction when is being processed (calculating address and other stuff) inside each subcore.Configure to any positive number (default=2)
-memory_shared_memory_minimum_latency                    7 # Minimum latency of the shared memory instruction when is accessing to the shared memory of the SM in the memory structures.Configure to any positive number (default=16)
-memory_shared_memory_extra_latency_ldsm_multiple_matrix                    2 # Extra latency required at SM shared memory structures when LDSM loads multiple matrices.Configure to any positive number (default=2)
-memmory_max_concurrent_requests_shmem_per_sm               999999 # Maximum number of shared memory instructions that can be concurrent in the memory SM structure.Configure to any positive number (default=4)
-memmory_max_concurrent_requests_standard_per_sm                 1024 # Maximum number of standard memory instructions (no shared) that can be concurrent in the memory SM structure.Configure to any positive number (default=8)
-sm_memory_unit_l1c_access_queue_size                    1 # Size of the access queue to the L1 constant cache at the memory SM structure.Configure to any positive number (default=1)
-sm_memory_unit_l1t_access_queue_size                    1 # Size of the access queue to the L1 texture cache at the memory SM structure.Configure to any positive number (default=1)
-sm_memory_unit_l1d_access_queue_size                    1 # Size of the access queue to the L1 constant cache at the memory SM structure. There is one queue per bank.Configure to any positive number (default=1)
-sm_memory_unit_shmem_access_queue_size                    1 # Size of the access queue to the Shared memory (SHMEM) at the memory SM structure.Configure to any positive number (default=1)
-sm_memory_unit_bypass_l1d_directly_go_to_l2_access_queue_size                    1 # Size of the access queue to directly to L2 because is bypassin l1d at the memory SM structure. There is one queue per bank.Configure to any positive number (default=1)
-sm_memory_unit_miscellaneous_access_queue_size                    1 # Size of the access queue to the miscellaneous at the memory SM structure.Configure to any positive number (default=1)
-constant_cache_latency_at_sm_structure                   11 # Minimum latency of the constant  memory instruction when is accessing to the constant memory (l1 constant cache) of the SM in the memory structures.Configure to any positive number (default=20)
-memory_l1d_minimum_latency                   13 # Minimum latency of the global memory instruction when is accessing to the L1D cache of the SM in the memory structures.Configure to any positive number (default=11)
-memory_global_shared_latency_for_ldgsts                   19 # Latency of the ICNT network between global and shared memory for the the LDGSTS.Configure to any positive number (default=11)
-memory_l1d_max_lookups_per_cycle_per_bank                    4 # Maximum number of look ups allowed per cycle in each bank of the L1D. If there are 4 banks and this parameter is set to 4, it will perform a maximum of 16 look ups in total..Configure to any positive number (default=4)
-memory_maximum_coalescing_cycles                    1 # Minimum latency of the memory instruction when it needs to perform a coalescing operation for a memory instruction.Configure to any positive number (default=1)
-offset_latency_firts_stage_memory_subcore                    0 # Number of cycles difference at the first stage of memory subcore unit respect to the baseline architecture Ampere.Configure to any positive number (default=0)
-memory_num_scalar_units_per_subcore                    8 # Number of scalar units inside each subcore for the memory instructions. Used for calculating addressesConfigure to any positive number (default=4)
-memory_subcore_link_to_sm_byte_size                  128 # Byte size between the link of a subcore and the SM for transfering data of memory instructions to SM memory structures.Configure to any positive number (default=4)
-is_load_half_bandwidth_in_the_subcore_link_to_sm_enabled                    1 # If enabled, laods have half of the bandwidth specified at -memory_subcore_link_to_sm_byte_size.Configure to any positive number (default=1)
-is_store_half_bandwidth_in_the_subcore_link_to_sm_enabled                    1 # If enabled, stores have half of the bandwidth specified at -memory_subcore_link_to_sm_byte_size.Configure to any positive number (default=0)
-dp_subcore_queue_size                    3 # Size of the queue inside each subcore for the DP instructions before being sent to the shared unit of the SM. Only used if there is not dedicated DP unit in each sub-coreConfigure to any positive number (default=4)
-dp_subcore_max_latency                   13 # Number of maximum cycles that the DP instructions takes for transferring the data from the subcore to the shared unit of the SM. Only used if there is not dedicated DP unit in each sub-core. While is active, it is not possible to transfer other DP instruction.Configure to any positive number (default=8)
-is_dp_pipeline_shared_for_subcores                    1 # If enabled, Subcores have a shared unit for executing the DP instructions. The -dp_subcore_queue_size is taken into account .(default = enabled)
-dp_sm_shared_queue_size                    1 # Size of the queue inside each SM shared execution unit for the DP instructions. Only used if there is not dedicated DP unit in each sub-coreConfigure to any positive number (default=1)
-dp_shared_intermidiate_stages                    6 # Number of intermediate stages in the shared DP pipeline.Configure to any positive number (default=1)
-is_fp32ops_allowed_in_int_pipeline                    1 # If enabled, FFMA instructions can be dispatched also to the INT execution pipeline.(default = disabled)
-is_fp32_and_int_unified_pipeline                    0 # If enabled, FP32 and INT instructions are dispatched to the same execution pipeline.(default = disabled)
-invalidate_instruction_caches_at_kernel_end                    1 # Invalidate instructions cache at the end of each kernel call
-ibuffer_coalescing                     0 # If enabled, IBuffers will snoop for instructions even though the served request is not for them.(default = disabled)
-perfect_constant_cache                    0 # If enabled, constant cache.(default = disabled)
-perfect_instruction_cache                    0 # If enabled, Perfect_instruction cache.(default = disabled)
-is_instruction_prefetching_enabled                    1 # If enabled, Instruction cache has prefetching enabled. The prefetcher just tries to prefetc subsequent blocks of the current one. That number of blocks can be configured with -prefetch_per_stream_buffer_size.(default = disabled)
-prefetch_per_stream_buffer_size                    8 # Number of blocks that the instruction cache prefetcher (stream buffer)can hold. Only effective if -is_instruction_prefetching_enabled is enabled.Configure to any positive number (default=1)
-prefetch_num_stream_buffers                    1 # Number of stream buffers in the first level instruction cache. Only effective if -is_instruction_prefetching_enabled is enabled.Configure to any positive number (default=1)
-num_instruction_prefetches_per_cycle                    1 # Number of blocks that the instruction cache prefetcher tries to prefetch every cycle. Only effective if -is_instruction_prefetching_enabled is enabled.Configure to any positive number (default=1)
-is_rf_cache_enabled                    1 # If enabled, Regular register file has the register file feature enabled.(default = enabled)
-max_operands_regular_register_file                    4 # Number of operands with regular register allowed per instruction. Only used when -is_rf_cache_enabled is enabled.Configure to any positive number (default=4)
-max_latency_regular_register_file_latency                   24 # Maximum supported latency (cycles) for reading operands in the regular register file.Configure to any positive number (default=4)
-num_regular_register_file_read_ports_per_bank                    1 # Number of read ports per bank in the regular register file available per cycle.Configure to any positive number (default=6)
-num_regular_register_file_write_ports_per_bank                    1 # Number of write ports per bank in the regular register file available per cycle.Configure to any positive number (default=1)
-max_size_register_file_write_queue_for_fixed_latency_instructions                    8 # Maximum size of the register file write_queue for fixed latency instructions.Configure to any positive number (default=1)
-max_pops_per_cycle_register_file_write_queue_for_fixed_latency_instructions                    1 # Maximum number of pops per cycle of the register file write_queue for fixed latency instructions.Configure to any positive number (default=1)
-num_threads_granularity_read_regular_register_file_dp_inst                   32 # Granularity of theads inside a warp for reading RF for DP instrucions. For example, 8 means that it needs 4 cycles because the width is 256 bits and takes 4 cycles to read the 32 threads (1024 width).Configure to any positive number (default=8)
-num_threads_granularity_read_regular_register_file_mem_inst                   32 # Granularity of theads inside a warp for reading RF for memory instrucions. For example, 8 means that it needs 4 cycles because the width is 256 bits and takes 4 cycles to read the 32 threads (1024 width).Configure to any positive number (default=8)
-num_threads_granularity_read_regular_register_file_sfu_inst                   32 # Granularity of theads inside a warp for reading RF for special function instrucions. For example, 8 means that it needs 4 cycles because the width is 256 bits and takes 4 cycles to read the 32 threads (1024 width).Configure to any positive number (default=8)
-num_threads_granularity_read_regular_register_file_other_inst                   32 # Granularity of theads inside a warp for reading RF for DP instrucions. For example, 8 means that it needs 4 cycles because the width is 256 bits and takes 4 cycles to read the 32 threads (1024 width).Configure to any positive number (default=8)
-num_cycles_needed_to_write_a_reg_from_sm_struct_to_subcore                    2 # Number of cycles needed to write a register from the SM structure (memory or shared dp if enabled) to the subcore.Configure to any positive number (default=2)
-is_const_cache_accessed_blocks_tracking_enabled                    1 # If enabled, a set will track all the address accessed by the constant cache and then it will report the different number of accesses blocks at the end of the execution.(default = disabled)
-is_global_memory_accesses_blocks_tracking_enabled                    1 # If enabled, a set will track all the address accessed by the global memory and then it will report the different number of accessed blocks at the end of the execution.(default = disabled)
-num_const_cache_cycle_misses_before_switch_to_other_warp                    4 # Number of cycles the issue stage can not swap to a different warp due to constant cache keeps trying a miss.Configure to any positive number (default=4)
-num_cycles_issue_port_busy_after_imadwide                    1 # Number of cycles the issue stage can not issue any instruction because the previous one issued (an IMAD.WIDE) is keeping the issue port busy.Configure to any positive number (default=4)
-num_stall_cycles_wait_after_bits_stall_0_and_yield                   46 # Number of cycles that the stall counter is set when the instruction has the combination of Stall bits set to 0 and yield set on.Configure to any positive number (default=0)
-num_cycles_to_stall_SM_at_gpu_memory_barrier                  186 # Number of cycles that the SM is stalled after all the warps of the SM have reached the MEMBAR.GPU.Configure to any positive number (default=0)
-num_cycles_to_stall_SM_at_system_memory_barrier                 2900 # Number of cycles that the SM is stalled after all the warps of the SM have reached the MEMBAR.SYS.Configure to any positive number (default=0)
-num_cycles_to_stall_SM_at_cta_memory_barrier                   53 # Number of cycles that the SM is stalled after all the warps of the SM have reached the MEMBAR.CTA.Configure to any positive number (default=0)
-gpgpu_subcore_const_cache:l0 N:4:64:2,L:R:f:N:L,S:32:32,32 # per-subcore L0 constant memory cache  (READ-ONLY) config  {<nsets>:<bsize>:<assoc>,<rep>:<wr>:<alloc>:<wr_alloc>,<mshr>:<N>:<merge>,<mq>} 
-is_custom_omp_scheduler_enabled                    1 # If enabled, a set will track all the address accessed by the constant cache and then it will report the different number of accesses at the end of the execution.(default = enabled)
-custom_omp_scheduler_ratio_to_dynamic                  0.3 # Ratio which below that number the OMP for-loop scheduler is set to dynamic. Range from 0 to 1.(default = 0.3)
-filter_first_kernel_id                    0 # If enabled, the simulation will start from the first kernel id configured in this parameter. If it has a value of 1 or 0 it is disabled.Configure to any positive number (default=0)
-filter_last_kernel_id                  500 # If enabled, the simulation will end at the last kernel id configured in this parameter. If it has a value of 1 or 0 it is disabled.Configure to any positive number (default=0)
-measure_coalescing_potential_stats                    0 # If enabled, We track the distance and how much intra and inter warp coalescing exists It consumes more RAM.(default = 0 (disabled))
-is_interwarp_coalescing_enabled                    0 # If enabled, We enable the Interwarp coalescing techniques.(default = 0 (disabled))
-num_interwarp_coalescing_tables                    1 # Number of interwarp coalescing tables.(default = 1)
-max_size_interwarp_coalescing_per_table                99999 # Size of each interwarp coalescing tables.(default = 64)
-interwarp_coalescing_quanta               100000 # Number of cycles used for the quanta in interwarp coalescing in case of being need.(default = 100000)
-interwarp_coalescing_quanta_warppool_policy_miss_ratio_threshold                 0.99 # Threshold where beyond that miss ratio in that quanta, GTL_WARPID policy is applied if we use WARPPOOL_HYBRID. Otherwise, OLDEST policy is applied.(default = 0.99)
-number_of_coalescers                    4 # Number of coalescers applaying intra-warp coalescing to different instruction in each of the coalescers.(default = 1)
-number_of_clusters_for_prt_selection                   16 # Number of cluster that are going to be used for PRT selection when WARPID_N_CLUSTERS_WITH_OLDEST is chosen .(default = 16)
-interwarp_coalescing_selection_policy_string               OLDEST # interwarp_coalescing_selection_policy_string mode: < OLDEST | GTL_WARPID | SAME_LAST_LEADER_INST_PC_THEN_OLDEST | WARPPOOL_HYBRID | DEP_COUNT_WAIT_OLDEST_INST_IBUFFER_GENERIC | DEP_COUNT_WAIT_OLDEST_INST_IBUFFER_CHECKING_WARP_ID | DEP_COUNT_WAIT_DETECTED_AT_DECODE_GENERIC | DEP_COUNT_WAIT_DETECTED_AT_DECODE_CHECKING_WARP_ID > Default: OLDEST
-prt_selection_policy_string               OLDEST # prt_selection_policy_string mode: < OLDEST | SAME_LAST_WARP_ID_THEN_OLDEST | SAME_LAST_INST_PC_THEN_OLDEST | WARPID_N_CLUSTERS_WITH_OLDEST | DEP_COUNT_WAIT_GENERIC_THEN_OLDEST | DEP_COUNT_WAIT_CHECKING_WARP_ID_THEN_OLDEST > Default: OLDEST
-is_num_virtual_pages_tracking_enabled                    1 # If enabled, a set will track all the different virtual pages. Then it will report the different number of virtual pages accessed at the end of the execution.(default = disabled)
-virtual_page_size_in_bytes              2097152 # Size of a virtual page in bytes. Default 2MiB == 2097152.Configure to any positive number (default=2097152)
-gpgpu_perf_sim_memcpy                    1 # Fill the L2 cache on memcpy
-gpgpu_simple_dram_model                    0 # simple_dram_model with fixed latency and BW
-gpgpu_dram_scheduler                    1 # 0 = fifo, 1 = FR-FCFS (defaul)
-gpgpu_dram_partition_queues          64:64:64:64 # i2$:$2d:d2$:$2i
-l2_ideal                               0 # Use a ideal L2 cache that always hit
-gpgpu_cache:dl2     S:64:128:16,L:B:m:L:P,A:192:96,32:0,32 # unified banked L2 data cache config  {<nsets>:<bsize>:<assoc>,<rep>:<wr>:<alloc>:<wr_alloc>,<mshr>:<N>:<merge>,<mq>}
-gpgpu_cache:dl2_texture_only                    0 # L2 cache used for texture only
-gpgpu_n_mem                           20 # number of memory modules (e.g. memory controllers) in gpu
-gpgpu_n_sub_partition_per_mchannel                    2 # number of memory subpartition in each memory module
-gpgpu_n_mem_per_ctrlr                    1 # number of memory chips per memory controller
-gpgpu_memlatency_stat                   14 # track and display latency statistics 0x2 enables MC, 0x4 enables queue logs
-gpgpu_frfcfs_dram_sched_queue_size                  160 # 0 = unlimited (default); # entries per chip
-gpgpu_dram_return_queue_size                  160 # 0 = unlimited (default); # entries per chip
-gpgpu_dram_buswidth                    2 # default = 4 bytes (8 bytes per cycle at DDR)
-gpgpu_dram_burst_length                   16 # Burst length of each DRAM request (default = 4 data bus cycle)
-dram_data_command_freq_ratio                    4 # Frequency ratio between DRAM data bus and command bus (default = 2 times, i.e. DDR)
-gpgpu_dram_timing_opt nbk=16:CCD=4:RRD=12:RCD=24:RAS=55:RP=24:RC=78:CL=24:WL=8:CDLR=10:WR=24:nbkgrp=4:CCDL=6:RTPL=4 # DRAM timing parameters = {nbk:tCCD:tRRD:tRCD:tRAS:tRP:tRC:CL:WL:tCDLR:tWR:nbkgrp:tCCDL:tRTPL}
-gpgpu_l2_rop_latency                  201 # ROP queue latency (default 85)
-dram_latency                         255 # DRAM latency (default 30)
-dram_dual_bus_interface                    0 # dual_bus_interface (default = 0) 
-dram_bnk_indexing_policy                    0 # dram_bnk_indexing_policy (0 = normal indexing, 1 = Xoring with the higher bits) (Default = 0)
-dram_bnkgrp_indexing_policy                    1 # dram_bnkgrp_indexing_policy (0 = take higher bits, 1 = take lower bits) (Default = 0)
-dram_seperate_write_queue_enable                    0 # Seperate_Write_Queue_Enable
-dram_write_queue_size             32:28:16 # Write_Queue_Size
-dram_elimnate_rw_turnaround                    0 # elimnate_rw_turnaround i.e set tWTR and tRTW = 0
-icnt_flit_size                        40 # icnt_flit_size
-gpgpu_mem_addr_mapping dramid@8;00000000.00000000.00000000.00000000.0000RRRR.RRRRRRRR.RBBBCCCC.BCCSSSSS # mapping memory address to dram model {dramid@<start bit>;<memory address map>}
-gpgpu_mem_addr_test                    0 # run sweep test to check address mapping for aliased address
-gpgpu_mem_address_mask                    1 # 0 = old addressing mask, 1 = new addressing mask, 2 = new add. mask + flipped bank sel and chip sel bits
-gpgpu_memory_partition_indexing                    2 # 0 = no indexing, 1 = bitwise xoring, 2 = IPoly, 3 = custom indexing
-accelwattch_xml_file accelwattch_sass_sim.xml # AccelWattch XML file
-power_simulation_enabled                    0 # Turn on power simulator (1=On, 0=Off)
-power_per_cycle_dump                    0 # Dump detailed power output each cycle
-hw_perf_file_name            hw_perf.csv # Hardware Performance Statistics file
-hw_perf_bench_name                       # Kernel Name in Hardware Performance Statistics file
-power_simulation_mode                    0 # Switch performance counter input for power simulation (0=Sim, 1=HW, 2=HW-Sim Hybrid)
-dvfs_enabled                           0 # Turn on DVFS for power model
-aggregate_power_stats                    0 # Accumulate power across all kernels
-accelwattch_hybrid_perfsim_L1_RH                    0 # Get L1 Read Hits for Accelwattch-Hybrid from Accel-Sim
-accelwattch_hybrid_perfsim_L1_RM                    0 # Get L1 Read Misses for Accelwattch-Hybrid from Accel-Sim
-accelwattch_hybrid_perfsim_L1_WH                    0 # Get L1 Write Hits for Accelwattch-Hybrid from Accel-Sim
-accelwattch_hybrid_perfsim_L1_WM                    0 # Get L1 Write Misses for Accelwattch-Hybrid from Accel-Sim
-accelwattch_hybrid_perfsim_L2_RH                    0 # Get L2 Read Hits for Accelwattch-Hybrid from Accel-Sim
-accelwattch_hybrid_perfsim_L2_RM                    0 # Get L2 Read Misses for Accelwattch-Hybrid from Accel-Sim
-accelwattch_hybrid_perfsim_L2_WH                    0 # Get L2 Write Hits for Accelwattch-Hybrid from Accel-Sim
-accelwattch_hybrid_perfsim_L2_WM                    0 # Get L2 Write Misses for Accelwattch-Hybrid from Accel-Sim
-accelwattch_hybrid_perfsim_CC_ACC                    0 # Get Constant Cache Acesses for Accelwattch-Hybrid from Accel-Sim
-accelwattch_hybrid_perfsim_SHARED_ACC                    0 # Get Shared Memory Acesses for Accelwattch-Hybrid from Accel-Sim
-accelwattch_hybrid_perfsim_DRAM_RD                    0 # Get DRAM Reads for Accelwattch-Hybrid from Accel-Sim
-accelwattch_hybrid_perfsim_DRAM_WR                    0 # Get DRAM Writes for Accelwattch-Hybrid from Accel-Sim
-accelwattch_hybrid_perfsim_NOC                    0 # Get Interconnect Acesses for Accelwattch-Hybrid from Accel-Sim
-accelwattch_hybrid_perfsim_PIPE_DUTY                    0 # Get Pipeline Duty Cycle Acesses for Accelwattch-Hybrid from Accel-Sim
-accelwattch_hybrid_perfsim_NUM_SM_IDLE                    0 # Get Number of Idle SMs for Accelwattch-Hybrid from Accel-Sim
-accelwattch_hybrid_perfsim_CYCLES                    0 # Get Executed Cycles for Accelwattch-Hybrid from Accel-Sim
-accelwattch_hybrid_perfsim_VOLTAGE                    0 # Get Chip Voltage for Accelwattch-Hybrid from Accel-Sim
-power_trace_enabled                    0 # produce a file for the power trace (1=On, 0=Off)
-power_trace_zlevel                     6 # Compression level of the power trace output log (0=no comp, 9=highest)
-steady_power_levels_enabled                    0 # produce a file for the steady power levels (1=On, 0=Off)
-steady_state_definition                  8:4 # allowed deviation:number of samples
-gpgpu_max_cycle                        0 # terminates gpu simulation early (0 = no limit)
-gpgpu_max_insn                         0 # terminates gpu simulation early (0 = no limit)
-gpgpu_max_cta                          0 # terminates gpu simulation early (0 = no limit)
-gpgpu_max_completed_cta                    0 # terminates gpu simulation early (0 = no limit)
-gpgpu_runtime_stat                   500 # display runtime statistics such as dram utilization {<freq>:<flag>}
-liveness_message_freq                    1 # Minimum number of seconds between simulation liveness messages (0 = always print)
-gpgpu_compute_capability_major                    8 # Major compute capability version number
-gpgpu_compute_capability_minor                    6 # Minor compute capability version number
-gpgpu_flush_l1_cache                    1 # Flush L1 cache at the end of each kernel call
-gpgpu_flush_l2_cache                    1 # Flush L2 cache at the end of each kernel call
-gpgpu_deadlock_detect                    1 # Stop the simulation at deadlock (1=on (default), 0=off)
-gpgpu_ptx_instruction_classification                    0 # if enabled will classify ptx instruction types per kernel (Max 255 kernels now)
-gpgpu_ptx_sim_mode                     0 # Select between Performance (default) or Functional simulation (1)
-gpgpu_clock_domains  1710:1710:1710:9500 # Clock Domain Frequencies in MhZ {<Core Clock>:<ICNT Clock>:<L2 Clock>:<DRAM Clock>}
-gpgpu_max_concurrent_kernel                  128 # maximum kernels that can run concurrently on GPU, set this value according to max resident grids for your compute capability
-gpgpu_cflog_interval                    0 # Interval between each snapshot in control flow logger
-visualizer_enabled                     0 # Turn on visualizer output (1=On, 0=Off)
-visualizer_outputfile                 NULL # Specifies the output log file for visualizer
-visualizer_zlevel                      6 # Compression level of the visualizer output log (0=no comp, 9=highest)
-gpgpu_stack_size_limit                 1024 # GPU thread stack size
-gpgpu_heap_size_limit              8388608 # GPU malloc heap size 
-gpgpu_runtime_sync_depth_limit                    2 # GPU device runtime synchronize depth
-gpgpu_runtime_pending_launch_count_limit                 2048 # GPU device runtime pending launch count
-trace_enabled                          0 # Turn on traces
-trace_components                    none # comma seperated list of traces to enable. Complete list found in trace_streams.tup. Default none
-trace_sampling_core                    0 # The core which is printed using CORE_DPRINTF. Default 0
-trace_sampling_memory_partition                   -1 # The memory partition which is printed using MEMPART_DPRINTF. Default -1 (i.e. all)
-enable_ptx_file_line_stats                    1 # Turn on PTX source line statistic profiling. (1 = On)
-ptx_line_stats_filename gpgpu_inst_stats.txt # Output file for PTX source line statistics.
-gpgpu_kernel_launch_latency                 1500 # Kernel launch latency in cycles. Default: 0
-gpgpu_cdp_enabled                      0 # Turn on CDP
-gpgpu_TB_launch_latency                    0 # thread block launch latency in cycles. Default: 0
-trace               /home/ubuntu/modern-gpu-simulator-micro-2025/simulator-remodeled/exampleTraces/rodinia2/12.8/backprop-rodinia-2.0-ft/4096___data_result_4096_txt/traces/dynamic_trace.pb # traces kernel filetraces kernel file directory
-trace_opcode_latency_initiation_int                  2,2 # Opcode latencies and initiation for integers in trace driven mode <latency,initiation>
-trace_opcode_latency_initiation_sp                  2,2 # Opcode latencies and initiation for sp in trace driven mode <latency,initiation>
-trace_opcode_latency_initiation_dp                24,16 # Opcode latencies and initiation for dp in trace driven mode <latency,initiation>
-trace_opcode_latency_initiation_sfu                  8,8 # Opcode latencies and initiation for sfu in trace driven mode <latency,initiation>
-trace_opcode_latency_initiation_tensor                  8,8 # Opcode latencies and initiation for tensor in trace driven mode <latency,initiation>
-trace_opcode_latency_initiation_branch                  2,1 # Opcode latencies and initiation for branch in trace driven mode <latency,initiation>
-trace_opcode_latency_initiation_half                  3,2 # Opcode latencies and initiation for half in trace driven mode <latency,initiation>
-trace_opcode_latency_initiation_uniform                  2,2 # Opcode latencies and initiation for uniform in trace driven mode <latency,initiation>
-trace_opcode_latency_initiation_predicate                 13,2 # Opcode latencies and initiation for predicate in trace driven mode <latency,initiation>
-trace_opcode_latency_initiation_miscellaneous_queue                  2,2 # Opcode latencies and initiation for miscellaneous queue in trace driven mode <latency,initiation>
-trace_opcode_latency_initiation_miscellaneous_no_queue                  1,1 # Opcode latencies and initiation for miscellaneous no queue in trace driven mode <latency,initiation>
-trace_opcode_latency_initiation_spec_op_1                  4,4 # specialized unit config <latency,initiation>
-trace_opcode_latency_initiation_spec_op_2                200,4 # specialized unit config <latency,initiation>
-trace_opcode_latency_initiation_spec_op_3                  4,4 # specialized unit config <latency,initiation>
-trace_opcode_latency_initiation_spec_op_4                  4,4 # specialized unit config <latency,initiation>
-trace_opcode_latency_initiation_spec_op_5                  4,4 # specialized unit config <latency,initiation>
-trace_opcode_latency_initiation_spec_op_6                  4,4 # specialized unit config <latency,initiation>
-trace_opcode_latency_initiation_spec_op_7                  4,4 # specialized unit config <latency,initiation>
-trace_opcode_latency_initiation_spec_op_8                  4,4 # specialized unit config <latency,initiation>
-is_extra_traces_enabled                    1 # If enabled, the simulator will use an extra file (json) which has useful information for the simulation (.gz).is_extra_traces_enabled (default = disabled)
DRAM Timing Options:
nbk                                    16 # number of banks
CCD                                     4 # column to column delay
RRD                                    12 # minimal delay between activation of rows in different banks
RCD                                    24 # row to column delay
RAS                                    55 # time needed to activate row
RP                                     24 # time needed to precharge (deactivate) row
RC                                     78 # row cycle time
CDLR                                   10 # switching from write to read (changes tWTR)
WR                                     24 # last data-in to row precharge
CL                                     24 # CAS latency
WL                                      8 # Write latency
nbkgrp                                  4 # number of bank groups
CCDL                                    6 # column to column delay between accesses to different bank groups
RTPL                                    4 # read to precharge delay between accesses to different bank groups
Total number of memory sub partition = 40
addr_dec_mask[CHIP]  = 0000000000000000 	high:64 low:0
addr_dec_mask[BK]    = 0000000000007080 	high:15 low:7
addr_dec_mask[ROW]   = 000000000fff8000 	high:28 low:15
addr_dec_mask[COL]   = 0000000000000f7f 	high:12 low:0
addr_dec_mask[BURST] = 000000000000001f 	high:5 low:0
sub_partition_id_mask = 0000000000000080
GPGPU-Sim uArch: clock freqs: 1710000000.000000:1710000000.000000:1710000000.000000:9500000000.000000
GPGPU-Sim uArch: clock periods: 0.00000000058479532164:0.00000000058479532164:0.00000000058479532164:0.00000000010526315789
*** Initializing Memory Statistics ***
*** Initializing Memory Statistics ***
*** Initializing Memory Statistics ***
*** Initializing Memory Statistics ***
*** Initializing Memory Statistics ***
*** Initializing Memory Statistics ***
*** Initializing Memory Statistics ***
*** Initializing Memory Statistics ***
*** Initializing Memory Statistics ***
*** Initializing Memory Statistics ***
*** Initializing Memory Statistics ***
*** Initializing Memory Statistics ***
*** Initializing Memory Statistics ***
*** Initializing Memory Statistics ***
*** Initializing Memory Statistics ***
*** Initializing Memory Statistics ***
*** Initializing Memory Statistics ***
*** Initializing Memory Statistics ***
*** Initializing Memory Statistics ***
*** Initializing Memory Statistics ***
*** Initializing Memory Statistics ***
GPGPU-Sim uArch: performance model initialization complete.
launching memcpy command : MemcpyHtoD,0x00007e8cce400000,16388,deviceid-0,streamid-0
launching memcpy command : MemcpyHtoD,0x00007e8cce404400,278596,deviceid-0,streamid-0
Processing kernel kernel-1.trace,deviceid-0,streamid-0
Header info loaded for kernel command : kernel-1.trace,deviceid-0,streamid-0
launching kernel name: _Z22bpnn_layerforward_CUDAPfS_S_S_ii___0 uid: 1
GPGPU-Sim uArch: Shader 0 bind to kernel 1 '_Z22bpnn_layerforward_CUDAPfS_S_S_ii___0'
GPGPU-Sim uArch: CTA/core = 6, limited by: threads
GPGPU-Sim: Reconfigure L1 cache to 120KB
thread block = 0,0,0
GPGPU-Sim uArch: Shader 1 bind to kernel 1 '_Z22bpnn_layerforward_CUDAPfS_S_S_ii___0'
thread block = 0,1,0
GPGPU-Sim uArch: Shader 2 bind to kernel 1 '_Z22bpnn_layerforward_CUDAPfS_S_S_ii___0'
thread block = 0,2,0
GPGPU-Sim uArch: Shader 3 bind to kernel 1 '_Z22bpnn_layerforward_CUDAPfS_S_S_ii___0'
thread block = 0,3,0
GPGPU-Sim uArch: Shader 4 bind to kernel 1 '_Z22bpnn_layerforward_CUDAPfS_S_S_ii___0'
thread block = 0,4,0
GPGPU-Sim uArch: Shader 5 bind to kernel 1 '_Z22bpnn_layerforward_CUDAPfS_S_S_ii___0'
thread block = 0,5,0
GPGPU-Sim uArch: Shader 6 bind to kernel 1 '_Z22bpnn_layerforward_CUDAPfS_S_S_ii___0'
thread block = 0,6,0
GPGPU-Sim uArch: Shader 7 bind to kernel 1 '_Z22bpnn_layerforward_CUDAPfS_S_S_ii___0'
thread block = 0,7,0
GPGPU-Sim uArch: Shader 8 bind to kernel 1 '_Z22bpnn_layerforward_CUDAPfS_S_S_ii___0'
thread block = 0,8,0
GPGPU-Sim uArch: Shader 9 bind to kernel 1 '_Z22bpnn_layerforward_CUDAPfS_S_S_ii___0'
thread block = 0,9,0
GPGPU-Sim uArch: Shader 10 bind to kernel 1 '_Z22bpnn_layerforward_CUDAPfS_S_S_ii___0'
thread block = 0,10,0
GPGPU-Sim uArch: Shader 11 bind to kernel 1 '_Z22bpnn_layerforward_CUDAPfS_S_S_ii___0'
thread block = 0,11,0
GPGPU-Sim uArch: Shader 12 bind to kernel 1 '_Z22bpnn_layerforward_CUDAPfS_S_S_ii___0'
thread block = 0,12,0
GPGPU-Sim uArch: Shader 13 bind to kernel 1 '_Z22bpnn_layerforward_CUDAPfS_S_S_ii___0'
thread block = 0,13,0
GPGPU-Sim uArch: Shader 14 bind to kernel 1 '_Z22bpnn_layerforward_CUDAPfS_S_S_ii___0'
thread block = 0,14,0
GPGPU-Sim uArch: Shader 15 bind to kernel 1 '_Z22bpnn_layerforward_CUDAPfS_S_S_ii___0'
thread block = 0,15,0
GPGPU-Sim uArch: Shader 16 bind to kernel 1 '_Z22bpnn_layerforward_CUDAPfS_S_S_ii___0'
thread block = 0,16,0
GPGPU-Sim uArch: Shader 17 bind to kernel 1 '_Z22bpnn_layerforward_CUDAPfS_S_S_ii___0'
thread block = 0,17,0
GPGPU-Sim uArch: Shader 18 bind to kernel 1 '_Z22bpnn_layerforward_CUDAPfS_S_S_ii___0'
thread block = 0,18,0
GPGPU-Sim uArch: Shader 19 bind to kernel 1 '_Z22bpnn_layerforward_CUDAPfS_S_S_ii___0'
thread block = 0,19,0
GPGPU-Sim uArch: Shader 20 bind to kernel 1 '_Z22bpnn_layerforward_CUDAPfS_S_S_ii___0'
thread block = 0,20,0
GPGPU-Sim uArch: Shader 21 bind to kernel 1 '_Z22bpnn_layerforward_CUDAPfS_S_S_ii___0'
thread block = 0,21,0
GPGPU-Sim uArch: Shader 22 bind to kernel 1 '_Z22bpnn_layerforward_CUDAPfS_S_S_ii___0'
thread block = 0,22,0
GPGPU-Sim uArch: Shader 23 bind to kernel 1 '_Z22bpnn_layerforward_CUDAPfS_S_S_ii___0'
thread block = 0,23,0
GPGPU-Sim uArch: Shader 24 bind to kernel 1 '_Z22bpnn_layerforward_CUDAPfS_S_S_ii___0'
thread block = 0,24,0
GPGPU-Sim uArch: Shader 25 bind to kernel 1 '_Z22bpnn_layerforward_CUDAPfS_S_S_ii___0'
thread block = 0,25,0
GPGPU-Sim uArch: Shader 26 bind to kernel 1 '_Z22bpnn_layerforward_CUDAPfS_S_S_ii___0'
thread block = 0,26,0
GPGPU-Sim uArch: Shader 27 bind to kernel 1 '_Z22bpnn_layerforward_CUDAPfS_S_S_ii___0'
thread block = 0,27,0
GPGPU-Sim uArch: Shader 28 bind to kernel 1 '_Z22bpnn_layerforward_CUDAPfS_S_S_ii___0'
thread block = 0,28,0
GPGPU-Sim uArch: Shader 29 bind to kernel 1 '_Z22bpnn_layerforward_CUDAPfS_S_S_ii___0'
thread block = 0,29,0
GPGPU-Sim uArch: Shader 30 bind to kernel 1 '_Z22bpnn_layerforward_CUDAPfS_S_S_ii___0'
thread block = 0,30,0
GPGPU-Sim uArch: Shader 31 bind to kernel 1 '_Z22bpnn_layerforward_CUDAPfS_S_S_ii___0'
thread block = 0,31,0
GPGPU-Sim uArch: Shader 32 bind to kernel 1 '_Z22bpnn_layerforward_CUDAPfS_S_S_ii___0'
thread block = 0,32,0
GPGPU-Sim uArch: Shader 33 bind to kernel 1 '_Z22bpnn_layerforward_CUDAPfS_S_S_ii___0'
thread block = 0,33,0
GPGPU-Sim uArch: Shader 34 bind to kernel 1 '_Z22bpnn_layerforward_CUDAPfS_S_S_ii___0'
thread block = 0,34,0
GPGPU-Sim uArch: Shader 35 bind to kernel 1 '_Z22bpnn_layerforward_CUDAPfS_S_S_ii___0'
thread block = 0,35,0
GPGPU-Sim uArch: Shader 36 bind to kernel 1 '_Z22bpnn_layerforward_CUDAPfS_S_S_ii___0'
thread block = 0,36,0
GPGPU-Sim uArch: Shader 37 bind to kernel 1 '_Z22bpnn_layerforward_CUDAPfS_S_S_ii___0'
thread block = 0,37,0
GPGPU-Sim uArch: Shader 38 bind to kernel 1 '_Z22bpnn_layerforward_CUDAPfS_S_S_ii___0'
thread block = 0,38,0
GPGPU-Sim uArch: Shader 39 bind to kernel 1 '_Z22bpnn_layerforward_CUDAPfS_S_S_ii___0'
thread block = 0,39,0
GPGPU-Sim uArch: Shader 40 bind to kernel 1 '_Z22bpnn_layerforward_CUDAPfS_S_S_ii___0'
thread block = 0,40,0
GPGPU-Sim uArch: Shader 41 bind to kernel 1 '_Z22bpnn_layerforward_CUDAPfS_S_S_ii___0'
thread block = 0,41,0
GPGPU-Sim uArch: Shader 42 bind to kernel 1 '_Z22bpnn_layerforward_CUDAPfS_S_S_ii___0'
thread block = 0,42,0
GPGPU-Sim uArch: Shader 43 bind to kernel 1 '_Z22bpnn_layerforward_CUDAPfS_S_S_ii___0'
thread block = 0,43,0
GPGPU-Sim uArch: Shader 44 bind to kernel 1 '_Z22bpnn_layerforward_CUDAPfS_S_S_ii___0'
thread block = 0,44,0
GPGPU-Sim uArch: Shader 45 bind to kernel 1 '_Z22bpnn_layerforward_CUDAPfS_S_S_ii___0'
thread block = 0,45,0
GPGPU-Sim uArch: Shader 46 bind to kernel 1 '_Z22bpnn_layerforward_CUDAPfS_S_S_ii___0'
thread block = 0,46,0
GPGPU-Sim uArch: Shader 47 bind to kernel 1 '_Z22bpnn_layerforward_CUDAPfS_S_S_ii___0'
thread block = 0,47,0
GPGPU-Sim uArch: Shader 48 bind to kernel 1 '_Z22bpnn_layerforward_CUDAPfS_S_S_ii___0'
thread block = 0,48,0
GPGPU-Sim uArch: Shader 49 bind to kernel 1 '_Z22bpnn_layerforward_CUDAPfS_S_S_ii___0'
thread block = 0,49,0
GPGPU-Sim uArch: Shader 50 bind to kernel 1 '_Z22bpnn_layerforward_CUDAPfS_S_S_ii___0'
thread block = 0,50,0
GPGPU-Sim uArch: Shader 51 bind to kernel 1 '_Z22bpnn_layerforward_CUDAPfS_S_S_ii___0'
thread block = 0,51,0
GPGPU-Sim uArch: Shader 52 bind to kernel 1 '_Z22bpnn_layerforward_CUDAPfS_S_S_ii___0'
thread block = 0,52,0
GPGPU-Sim uArch: Shader 53 bind to kernel 1 '_Z22bpnn_layerforward_CUDAPfS_S_S_ii___0'
thread block = 0,53,0
GPGPU-Sim uArch: Shader 54 bind to kernel 1 '_Z22bpnn_layerforward_CUDAPfS_S_S_ii___0'
thread block = 0,54,0
GPGPU-Sim uArch: Shader 55 bind to kernel 1 '_Z22bpnn_layerforward_CUDAPfS_S_S_ii___0'
thread block = 0,55,0
GPGPU-Sim uArch: Shader 56 bind to kernel 1 '_Z22bpnn_layerforward_CUDAPfS_S_S_ii___0'
thread block = 0,56,0
GPGPU-Sim uArch: Shader 57 bind to kernel 1 '_Z22bpnn_layerforward_CUDAPfS_S_S_ii___0'
thread block = 0,57,0
GPGPU-Sim uArch: Shader 58 bind to kernel 1 '_Z22bpnn_layerforward_CUDAPfS_S_S_ii___0'
thread block = 0,58,0
GPGPU-Sim uArch: Shader 59 bind to kernel 1 '_Z22bpnn_layerforward_CUDAPfS_S_S_ii___0'
thread block = 0,59,0
GPGPU-Sim uArch: Shader 60 bind to kernel 1 '_Z22bpnn_layerforward_CUDAPfS_S_S_ii___0'
thread block = 0,60,0
GPGPU-Sim uArch: Shader 61 bind to kernel 1 '_Z22bpnn_layerforward_CUDAPfS_S_S_ii___0'
thread block = 0,61,0
GPGPU-Sim uArch: Shader 62 bind to kernel 1 '_Z22bpnn_layerforward_CUDAPfS_S_S_ii___0'
thread block = 0,62,0
GPGPU-Sim uArch: Shader 63 bind to kernel 1 '_Z22bpnn_layerforward_CUDAPfS_S_S_ii___0'
thread block = 0,63,0
GPGPU-Sim uArch: Shader 64 bind to kernel 1 '_Z22bpnn_layerforward_CUDAPfS_S_S_ii___0'
thread block = 0,64,0
GPGPU-Sim uArch: Shader 65 bind to kernel 1 '_Z22bpnn_layerforward_CUDAPfS_S_S_ii___0'
thread block = 0,65,0
GPGPU-Sim uArch: Shader 66 bind to kernel 1 '_Z22bpnn_layerforward_CUDAPfS_S_S_ii___0'
thread block = 0,66,0
GPGPU-Sim uArch: Shader 67 bind to kernel 1 '_Z22bpnn_layerforward_CUDAPfS_S_S_ii___0'
thread block = 0,67,0
thread block = 0,68,0
thread block = 0,69,0
thread block = 0,70,0
thread block = 0,71,0
thread block = 0,72,0
thread block = 0,73,0
thread block = 0,74,0
thread block = 0,75,0
thread block = 0,76,0
thread block = 0,77,0
thread block = 0,78,0
thread block = 0,79,0
thread block = 0,80,0
thread block = 0,81,0
thread block = 0,82,0
thread block = 0,83,0
thread block = 0,84,0
thread block = 0,85,0
thread block = 0,86,0
thread block = 0,87,0
thread block = 0,88,0
thread block = 0,89,0
thread block = 0,90,0
thread block = 0,91,0
thread block = 0,92,0
thread block = 0,93,0
thread block = 0,94,0
thread block = 0,95,0
thread block = 0,96,0
thread block = 0,97,0
thread block = 0,98,0
thread block = 0,99,0
thread block = 0,100,0
thread block = 0,101,0
thread block = 0,102,0
thread block = 0,103,0
thread block = 0,104,0
thread block = 0,105,0
thread block = 0,106,0
thread block = 0,107,0
thread block = 0,108,0
thread block = 0,109,0
thread block = 0,110,0
thread block = 0,111,0
thread block = 0,112,0
thread block = 0,113,0
thread block = 0,114,0
thread block = 0,115,0
thread block = 0,116,0
thread block = 0,117,0
thread block = 0,118,0
thread block = 0,119,0
thread block = 0,120,0
thread block = 0,121,0
thread block = 0,122,0
thread block = 0,123,0
thread block = 0,124,0
thread block = 0,125,0
thread block = 0,126,0
thread block = 0,127,0
thread block = 0,128,0
thread block = 0,129,0
thread block = 0,130,0
thread block = 0,131,0
thread block = 0,132,0
thread block = 0,133,0
thread block = 0,134,0
thread block = 0,135,0
thread block = 0,136,0
thread block = 0,137,0
thread block = 0,138,0
thread block = 0,139,0
thread block = 0,140,0
thread block = 0,141,0
thread block = 0,142,0
thread block = 0,143,0
thread block = 0,144,0
thread block = 0,145,0
thread block = 0,146,0
thread block = 0,147,0
thread block = 0,148,0
thread block = 0,149,0
thread block = 0,150,0
thread block = 0,151,0
thread block = 0,152,0
thread block = 0,153,0
thread block = 0,154,0
thread block = 0,155,0
thread block = 0,156,0
thread block = 0,157,0
thread block = 0,158,0
thread block = 0,159,0
thread block = 0,160,0
thread block = 0,161,0
thread block = 0,162,0
thread block = 0,163,0
thread block = 0,164,0
thread block = 0,165,0
thread block = 0,166,0
thread block = 0,167,0
thread block = 0,168,0
thread block = 0,169,0
thread block = 0,170,0
thread block = 0,171,0
thread block = 0,172,0
thread block = 0,173,0
thread block = 0,174,0
thread block = 0,175,0
thread block = 0,176,0
thread block = 0,177,0
thread block = 0,178,0
thread block = 0,179,0
thread block = 0,180,0
thread block = 0,181,0
thread block = 0,182,0
thread block = 0,183,0
thread block = 0,184,0
thread block = 0,185,0
thread block = 0,186,0
thread block = 0,187,0
thread block = 0,188,0
thread block = 0,189,0
thread block = 0,190,0
thread block = 0,191,0
thread block = 0,192,0
thread block = 0,193,0
thread block = 0,194,0
thread block = 0,195,0
thread block = 0,196,0
thread block = 0,197,0
thread block = 0,198,0
thread block = 0,199,0
thread block = 0,200,0
thread block = 0,201,0
thread block = 0,202,0
thread block = 0,203,0
thread block = 0,204,0
thread block = 0,205,0
thread block = 0,206,0
thread block = 0,207,0
thread block = 0,208,0
thread block = 0,209,0
thread block = 0,210,0
thread block = 0,211,0
thread block = 0,212,0
thread block = 0,213,0
thread block = 0,214,0
thread block = 0,215,0
thread block = 0,216,0
thread block = 0,217,0
thread block = 0,218,0
thread block = 0,219,0
thread block = 0,220,0
thread block = 0,221,0
thread block = 0,222,0
thread block = 0,223,0
thread block = 0,224,0
thread block = 0,225,0
thread block = 0,226,0
thread block = 0,227,0
thread block = 0,228,0
thread block = 0,229,0
thread block = 0,230,0
thread block = 0,231,0
thread block = 0,232,0
thread block = 0,233,0
thread block = 0,234,0
thread block = 0,235,0
thread block = 0,236,0
thread block = 0,237,0
thread block = 0,238,0
thread block = 0,239,0
thread block = 0,240,0
thread block = 0,241,0
thread block = 0,242,0
thread block = 0,243,0
thread block = 0,244,0
thread block = 0,245,0
thread block = 0,246,0
thread block = 0,247,0
thread block = 0,248,0
thread block = 0,249,0
thread block = 0,250,0
thread block = 0,251,0
thread block = 0,252,0
thread block = 0,253,0
thread block = 0,254,0
thread block = 0,255,0
Destroy streams for kernel 1: size 0
kernel_name = _Z22bpnn_layerforward_CUDAPfS_S_S_ii___0 
kernel_launch_uid = 1 
gpu_sim_cycle = 6521
gpu_sim_insn = 5894144 
gpu_ipc =     903.8712
gpu_tot_sim_cycle = 6521
gpu_tot_sim_insn = 5894144
gpu_tot_ipc =     903.8712
gpu_tot_issued_cta = 256
gpu_occupancy = 57.9941% 
gpu_tot_occupancy = 57.9941% 
gpu_tot_sms_occupancy = 94.1165%
max_total_param_size = 0
gpu_stall_dramfull = 636
gpu_stall_icnt2sh    = 0
partiton_level_parallism =       3.6473
partiton_level_parallism_total  =       3.6473
partiton_level_parallism_util =       8.7249
partiton_level_parallism_util_total  =       8.7249
L2_BW  =     244.0876 GB/Sec
L2_BW_total  =     244.0876 GB/Sec
gpu_total_sim_rate=1473536

========= Core cache stats =========
L0I_cache:
	L0I_total_cache_accesses = 249503
	L0I_total_cache_misses = 4352
	L0I_total_cache_miss_rate = 0.0174
	L0I_total_cache_pending_hits = 0
	L0I_total_cache_reservation_fails = 211920
L1I_cache:
	L1I_total_cache_accesses = 7072
	L1I_total_cache_misses = 7072
	L1I_total_cache_miss_rate = 1.0000
	L1I_total_cache_pending_hits = 0
	L1I_total_cache_reservation_fails = 0
L1D_cache:
	L1D_cache_core[0]: Access = 392, Miss = 160, Miss_rate = 0.408, Pending_hits = 48, Reservation_fails = 0
	L1D_cache_core[1]: Access = 392, Miss = 160, Miss_rate = 0.408, Pending_hits = 48, Reservation_fails = 0
	L1D_cache_core[2]: Access = 392, Miss = 160, Miss_rate = 0.408, Pending_hits = 48, Reservation_fails = 0
	L1D_cache_core[3]: Access = 392, Miss = 160, Miss_rate = 0.408, Pending_hits = 48, Reservation_fails = 0
	L1D_cache_core[4]: Access = 392, Miss = 160, Miss_rate = 0.408, Pending_hits = 48, Reservation_fails = 0
	L1D_cache_core[5]: Access = 392, Miss = 160, Miss_rate = 0.408, Pending_hits = 48, Reservation_fails = 0
	L1D_cache_core[6]: Access = 392, Miss = 160, Miss_rate = 0.408, Pending_hits = 48, Reservation_fails = 0
	L1D_cache_core[7]: Access = 392, Miss = 160, Miss_rate = 0.408, Pending_hits = 48, Reservation_fails = 0
	L1D_cache_core[8]: Access = 392, Miss = 160, Miss_rate = 0.408, Pending_hits = 48, Reservation_fails = 0
	L1D_cache_core[9]: Access = 392, Miss = 160, Miss_rate = 0.408, Pending_hits = 48, Reservation_fails = 0
	L1D_cache_core[10]: Access = 392, Miss = 160, Miss_rate = 0.408, Pending_hits = 48, Reservation_fails = 0
	L1D_cache_core[11]: Access = 392, Miss = 160, Miss_rate = 0.408, Pending_hits = 48, Reservation_fails = 0
	L1D_cache_core[12]: Access = 392, Miss = 160, Miss_rate = 0.408, Pending_hits = 48, Reservation_fails = 0
	L1D_cache_core[13]: Access = 392, Miss = 160, Miss_rate = 0.408, Pending_hits = 48, Reservation_fails = 0
	L1D_cache_core[14]: Access = 392, Miss = 160, Miss_rate = 0.408, Pending_hits = 48, Reservation_fails = 0
	L1D_cache_core[15]: Access = 392, Miss = 160, Miss_rate = 0.408, Pending_hits = 48, Reservation_fails = 0
	L1D_cache_core[16]: Access = 392, Miss = 160, Miss_rate = 0.408, Pending_hits = 48, Reservation_fails = 0
	L1D_cache_core[17]: Access = 392, Miss = 160, Miss_rate = 0.408, Pending_hits = 48, Reservation_fails = 0
	L1D_cache_core[18]: Access = 392, Miss = 160, Miss_rate = 0.408, Pending_hits = 48, Reservation_fails = 0
	L1D_cache_core[19]: Access = 392, Miss = 160, Miss_rate = 0.408, Pending_hits = 48, Reservation_fails = 0
	L1D_cache_core[20]: Access = 392, Miss = 160, Miss_rate = 0.408, Pending_hits = 48, Reservation_fails = 0
	L1D_cache_core[21]: Access = 392, Miss = 160, Miss_rate = 0.408, Pending_hits = 48, Reservation_fails = 0
	L1D_cache_core[22]: Access = 392, Miss = 160, Miss_rate = 0.408, Pending_hits = 48, Reservation_fails = 0
	L1D_cache_core[23]: Access = 392, Miss = 160, Miss_rate = 0.408, Pending_hits = 48, Reservation_fails = 0
	L1D_cache_core[24]: Access = 392, Miss = 160, Miss_rate = 0.408, Pending_hits = 48, Reservation_fails = 0
	L1D_cache_core[25]: Access = 392, Miss = 160, Miss_rate = 0.408, Pending_hits = 48, Reservation_fails = 0
	L1D_cache_core[26]: Access = 392, Miss = 160, Miss_rate = 0.408, Pending_hits = 48, Reservation_fails = 0
	L1D_cache_core[27]: Access = 392, Miss = 160, Miss_rate = 0.408, Pending_hits = 48, Reservation_fails = 0
	L1D_cache_core[28]: Access = 392, Miss = 160, Miss_rate = 0.408, Pending_hits = 48, Reservation_fails = 0
	L1D_cache_core[29]: Access = 392, Miss = 160, Miss_rate = 0.408, Pending_hits = 48, Reservation_fails = 0
	L1D_cache_core[30]: Access = 392, Miss = 160, Miss_rate = 0.408, Pending_hits = 48, Reservation_fails = 0
	L1D_cache_core[31]: Access = 392, Miss = 160, Miss_rate = 0.408, Pending_hits = 48, Reservation_fails = 0
	L1D_cache_core[32]: Access = 392, Miss = 160, Miss_rate = 0.408, Pending_hits = 48, Reservation_fails = 0
	L1D_cache_core[33]: Access = 392, Miss = 160, Miss_rate = 0.408, Pending_hits = 48, Reservation_fails = 0
	L1D_cache_core[34]: Access = 392, Miss = 160, Miss_rate = 0.408, Pending_hits = 48, Reservation_fails = 0
	L1D_cache_core[35]: Access = 392, Miss = 160, Miss_rate = 0.408, Pending_hits = 48, Reservation_fails = 0
	L1D_cache_core[36]: Access = 392, Miss = 160, Miss_rate = 0.408, Pending_hits = 48, Reservation_fails = 0
	L1D_cache_core[37]: Access = 392, Miss = 160, Miss_rate = 0.408, Pending_hits = 48, Reservation_fails = 0
	L1D_cache_core[38]: Access = 392, Miss = 160, Miss_rate = 0.408, Pending_hits = 48, Reservation_fails = 0
	L1D_cache_core[39]: Access = 392, Miss = 160, Miss_rate = 0.408, Pending_hits = 48, Reservation_fails = 0
	L1D_cache_core[40]: Access = 392, Miss = 160, Miss_rate = 0.408, Pending_hits = 48, Reservation_fails = 0
	L1D_cache_core[41]: Access = 392, Miss = 160, Miss_rate = 0.408, Pending_hits = 48, Reservation_fails = 0
	L1D_cache_core[42]: Access = 392, Miss = 160, Miss_rate = 0.408, Pending_hits = 48, Reservation_fails = 0
	L1D_cache_core[43]: Access = 392, Miss = 160, Miss_rate = 0.408, Pending_hits = 48, Reservation_fails = 0
	L1D_cache_core[44]: Access = 392, Miss = 160, Miss_rate = 0.408, Pending_hits = 48, Reservation_fails = 0
	L1D_cache_core[45]: Access = 392, Miss = 160, Miss_rate = 0.408, Pending_hits = 48, Reservation_fails = 0
	L1D_cache_core[46]: Access = 392, Miss = 160, Miss_rate = 0.408, Pending_hits = 48, Reservation_fails = 0
	L1D_cache_core[47]: Access = 392, Miss = 160, Miss_rate = 0.408, Pending_hits = 48, Reservation_fails = 0
	L1D_cache_core[48]: Access = 392, Miss = 160, Miss_rate = 0.408, Pending_hits = 48, Reservation_fails = 0
	L1D_cache_core[49]: Access = 392, Miss = 160, Miss_rate = 0.408, Pending_hits = 48, Reservation_fails = 0
	L1D_cache_core[50]: Access = 392, Miss = 160, Miss_rate = 0.408, Pending_hits = 48, Reservation_fails = 0
	L1D_cache_core[51]: Access = 392, Miss = 160, Miss_rate = 0.408, Pending_hits = 48, Reservation_fails = 0
	L1D_cache_core[52]: Access = 294, Miss = 120, Miss_rate = 0.408, Pending_hits = 36, Reservation_fails = 0
	L1D_cache_core[53]: Access = 294, Miss = 120, Miss_rate = 0.408, Pending_hits = 36, Reservation_fails = 0
	L1D_cache_core[54]: Access = 294, Miss = 120, Miss_rate = 0.408, Pending_hits = 36, Reservation_fails = 0
	L1D_cache_core[55]: Access = 294, Miss = 120, Miss_rate = 0.408, Pending_hits = 36, Reservation_fails = 0
	L1D_cache_core[56]: Access = 294, Miss = 120, Miss_rate = 0.408, Pending_hits = 36, Reservation_fails = 0
	L1D_cache_core[57]: Access = 294, Miss = 120, Miss_rate = 0.408, Pending_hits = 36, Reservation_fails = 0
	L1D_cache_core[58]: Access = 294, Miss = 120, Miss_rate = 0.408, Pending_hits = 36, Reservation_fails = 0
	L1D_cache_core[59]: Access = 294, Miss = 120, Miss_rate = 0.408, Pending_hits = 36, Reservation_fails = 0
	L1D_cache_core[60]: Access = 294, Miss = 120, Miss_rate = 0.408, Pending_hits = 36, Reservation_fails = 0
	L1D_cache_core[61]: Access = 294, Miss = 120, Miss_rate = 0.408, Pending_hits = 36, Reservation_fails = 0
	L1D_cache_core[62]: Access = 294, Miss = 120, Miss_rate = 0.408, Pending_hits = 36, Reservation_fails = 0
	L1D_cache_core[63]: Access = 294, Miss = 120, Miss_rate = 0.408, Pending_hits = 36, Reservation_fails = 0
	L1D_cache_core[64]: Access = 294, Miss = 120, Miss_rate = 0.408, Pending_hits = 36, Reservation_fails = 0
	L1D_cache_core[65]: Access = 294, Miss = 120, Miss_rate = 0.408, Pending_hits = 36, Reservation_fails = 0
	L1D_cache_core[66]: Access = 294, Miss = 120, Miss_rate = 0.408, Pending_hits = 36, Reservation_fails = 0
	L1D_cache_core[67]: Access = 294, Miss = 120, Miss_rate = 0.408, Pending_hits = 36, Reservation_fails = 0
	L1D_total_cache_accesses = 25088
	L1D_total_cache_misses = 10240
	L1D_total_cache_miss_rate = 0.4082
	L1D_total_cache_pending_hits = 3072
	L1D_total_cache_reservation_fails = 0
	L1D_cache_data_port_util = 0.037
	L1D_cache_fill_port_util = 0.030
L1C_cache:
	L1C_total_cache_accesses = 0
	L1C_total_cache_misses = 0
	L1C_total_cache_pending_hits = 0
	L1C_total_cache_reservation_fails = 0
L1T_cache:
	L1T_total_cache_accesses = 0
	L1T_total_cache_misses = 0
	L1T_total_cache_pending_hits = 0
	L1T_total_cache_reservation_fails = 0
L1D_BW_total  =     210.5222 GB/Sec

Total_core_cache_stats:
	Total_core_cache_stats_breakdown[GLOBAL_ACC_R][HIT] = 0
	Total_core_cache_stats_breakdown[GLOBAL_ACC_R][HIT_RESERVED] = 3072
	Total_core_cache_stats_breakdown[GLOBAL_ACC_R][MISS] = 2816
	Total_core_cache_stats_breakdown[GLOBAL_ACC_R][RESERVATION_FAIL] = 0
	Total_core_cache_stats_breakdown[GLOBAL_ACC_R][SECTOR_MISS] = 6912
	Total_core_cache_stats_breakdown[GLOBAL_ACC_R][MSHR_HIT] = 3072
	Total_core_cache_stats_breakdown[LOCAL_ACC_R][HIT] = 0
	Total_core_cache_stats_breakdown[LOCAL_ACC_R][HIT_RESERVED] = 0
	Total_core_cache_stats_breakdown[LOCAL_ACC_R][MISS] = 0
	Total_core_cache_stats_breakdown[LOCAL_ACC_R][RESERVATION_FAIL] = 0
	Total_core_cache_stats_breakdown[LOCAL_ACC_R][SECTOR_MISS] = 0
	Total_core_cache_stats_breakdown[LOCAL_ACC_R][MSHR_HIT] = 0
	Total_core_cache_stats_breakdown[CONST_ACC_R][HIT] = 0
	Total_core_cache_stats_breakdown[CONST_ACC_R][HIT_RESERVED] = 0
	Total_core_cache_stats_breakdown[CONST_ACC_R][MISS] = 544
	Total_core_cache_stats_breakdown[CONST_ACC_R][RESERVATION_FAIL] = 0
	Total_core_cache_stats_breakdown[CONST_ACC_R][SECTOR_MISS] = 0
	Total_core_cache_stats_breakdown[CONST_ACC_R][MSHR_HIT] = 408
	Total_core_cache_stats_breakdown[TEXTURE_ACC_R][HIT] = 0
	Total_core_cache_stats_breakdown[TEXTURE_ACC_R][HIT_RESERVED] = 0
	Total_core_cache_stats_breakdown[TEXTURE_ACC_R][MISS] = 0
	Total_core_cache_stats_breakdown[TEXTURE_ACC_R][RESERVATION_FAIL] = 0
	Total_core_cache_stats_breakdown[TEXTURE_ACC_R][SECTOR_MISS] = 0
	Total_core_cache_stats_breakdown[TEXTURE_ACC_R][MSHR_HIT] = 0
	Total_core_cache_stats_breakdown[GLOBAL_ACC_W][HIT] = 11776
	Total_core_cache_stats_breakdown[GLOBAL_ACC_W][HIT_RESERVED] = 0
	Total_core_cache_stats_breakdown[GLOBAL_ACC_W][MISS] = 256
	Total_core_cache_stats_breakdown[GLOBAL_ACC_W][RESERVATION_FAIL] = 0
	Total_core_cache_stats_breakdown[GLOBAL_ACC_W][SECTOR_MISS] = 256
	Total_core_cache_stats_breakdown[GLOBAL_ACC_W][MSHR_HIT] = 0
	Total_core_cache_stats_breakdown[LOCAL_ACC_W][HIT] = 0
	Total_core_cache_stats_breakdown[LOCAL_ACC_W][HIT_RESERVED] = 0
	Total_core_cache_stats_breakdown[LOCAL_ACC_W][MISS] = 0
	Total_core_cache_stats_breakdown[LOCAL_ACC_W][RESERVATION_FAIL] = 0
	Total_core_cache_stats_breakdown[LOCAL_ACC_W][SECTOR_MISS] = 0
	Total_core_cache_stats_breakdown[LOCAL_ACC_W][MSHR_HIT] = 0
	Total_core_cache_stats_breakdown[L1_WRBK_ACC][HIT] = 0
	Total_core_cache_stats_breakdown[L1_WRBK_ACC][HIT_RESERVED] = 0
	Total_core_cache_stats_breakdown[L1_WRBK_ACC][MISS] = 0
	Total_core_cache_stats_breakdown[L1_WRBK_ACC][RESERVATION_FAIL] = 0
	Total_core_cache_stats_breakdown[L1_WRBK_ACC][SECTOR_MISS] = 0
	Total_core_cache_stats_breakdown[L1_WRBK_ACC][MSHR_HIT] = 0
	Total_core_cache_stats_breakdown[L2_WRBK_ACC][HIT] = 0
	Total_core_cache_stats_breakdown[L2_WRBK_ACC][HIT_RESERVED] = 0
	Total_core_cache_stats_breakdown[L2_WRBK_ACC][MISS] = 0
	Total_core_cache_stats_breakdown[L2_WRBK_ACC][RESERVATION_FAIL] = 0
	Total_core_cache_stats_breakdown[L2_WRBK_ACC][SECTOR_MISS] = 0
	Total_core_cache_stats_breakdown[L2_WRBK_ACC][MSHR_HIT] = 0
	Total_core_cache_stats_breakdown[INST_ACC_R][HIT] = 0
	Total_core_cache_stats_breakdown[INST_ACC_R][HIT_RESERVED] = 0
	Total_core_cache_stats_breakdown[INST_ACC_R][MISS] = 6528
	Total_core_cache_stats_breakdown[INST_ACC_R][RESERVATION_FAIL] = 0
	Total_core_cache_stats_breakdown[INST_ACC_R][SECTOR_MISS] = 0
	Total_core_cache_stats_breakdown[INST_ACC_R][MSHR_HIT] = 4896
	Total_core_cache_stats_breakdown[L1_WR_ALLOC_R][HIT] = 0
	Total_core_cache_stats_breakdown[L1_WR_ALLOC_R][HIT_RESERVED] = 0
	Total_core_cache_stats_breakdown[L1_WR_ALLOC_R][MISS] = 0
	Total_core_cache_stats_breakdown[L1_WR_ALLOC_R][RESERVATION_FAIL] = 0
	Total_core_cache_stats_breakdown[L1_WR_ALLOC_R][SECTOR_MISS] = 0
	Total_core_cache_stats_breakdown[L1_WR_ALLOC_R][MSHR_HIT] = 0
	Total_core_cache_stats_breakdown[L2_WR_ALLOC_R][HIT] = 0
	Total_core_cache_stats_breakdown[L2_WR_ALLOC_R][HIT_RESERVED] = 0
	Total_core_cache_stats_breakdown[L2_WR_ALLOC_R][MISS] = 0
	Total_core_cache_stats_breakdown[L2_WR_ALLOC_R][RESERVATION_FAIL] = 0
	Total_core_cache_stats_breakdown[L2_WR_ALLOC_R][SECTOR_MISS] = 0
	Total_core_cache_stats_breakdown[L2_WR_ALLOC_R][MSHR_HIT] = 0
	Total_core_cache_stats_breakdown[GRID_BARRIER_ACC][HIT] = 0
	Total_core_cache_stats_breakdown[GRID_BARRIER_ACC][HIT_RESERVED] = 0
	Total_core_cache_stats_breakdown[GRID_BARRIER_ACC][MISS] = 0
	Total_core_cache_stats_breakdown[GRID_BARRIER_ACC][RESERVATION_FAIL] = 0
	Total_core_cache_stats_breakdown[GRID_BARRIER_ACC][SECTOR_MISS] = 0
	Total_core_cache_stats_breakdown[GRID_BARRIER_ACC][MSHR_HIT] = 0
	Total_core_cache_stats_breakdown[TLB_MISS_ACC_DATA][HIT] = 0
	Total_core_cache_stats_breakdown[TLB_MISS_ACC_DATA][HIT_RESERVED] = 0
	Total_core_cache_stats_breakdown[TLB_MISS_ACC_DATA][MISS] = 0
	Total_core_cache_stats_breakdown[TLB_MISS_ACC_DATA][RESERVATION_FAIL] = 0
	Total_core_cache_stats_breakdown[TLB_MISS_ACC_DATA][SECTOR_MISS] = 0
	Total_core_cache_stats_breakdown[TLB_MISS_ACC_DATA][MSHR_HIT] = 0
	Total_core_cache_stats_breakdown[TLB_MISS_ACC_INST][HIT] = 0
	Total_core_cache_stats_breakdown[TLB_MISS_ACC_INST][HIT_RESERVED] = 0
	Total_core_cache_stats_breakdown[TLB_MISS_ACC_INST][MISS] = 0
	Total_core_cache_stats_breakdown[TLB_MISS_ACC_INST][RESERVATION_FAIL] = 0
	Total_core_cache_stats_breakdown[TLB_MISS_ACC_INST][SECTOR_MISS] = 0
	Total_core_cache_stats_breakdown[TLB_MISS_ACC_INST][MSHR_HIT] = 0
	Total_core_cache_stats_breakdown[GLOBAL_ACC_R][TOTAL_ACCESS] = 12800
	Total_core_cache_stats_breakdown[CONST_ACC_R][TOTAL_ACCESS] = 544
	Total_core_cache_stats_breakdown[GLOBAL_ACC_W][TOTAL_ACCESS] = 12288
	Total_core_cache_stats_breakdown[INST_ACC_R][TOTAL_ACCESS] = 6528

Total_core_cache_fail_stats:
ctas_completed 256, Shader 0 warp_id issue ditsribution:
warp_id:

distro:

total_percentage_ldst_unit_instructions = 18.8525
total_percentage_dp_instructions = 0.0000
total_percentage_cycles_issue_stage_issuing = 19.4752
total_percentage_cycles_issue_stage_not_issuing_stall_next_stage_not_available = 9.9336
total_num_constant_cache_different_blocks = 8
total_num_global_memory_blocks = 2458
total_num_different_virtual_pages = 3
total_percentage_evals_rf_with_conflict = 0.0000
total_accesses_per_l1d_instruction = 3.0625
total_accesses_per_shared_instruction = 1.0000
total_percentage_coalesced_intrawarp_l1d = 0.0000
total_percentage_coalesced_interwarp_l1d = 0.0000
total_percentage_not_coalesced_l1d = 0.0000
total_percentage_coalesced_intrawarp_less_equal_than_5_cyc_l1d = 0.0000
total_percentage_coalesced_intrawarp_less_equal_than_10_cyc_l1d = 0.0000
total_percentage_coalesced_intrawarp_less_equal_than_20_cyc_l1d = 0.0000
total_percentage_coalesced_intrawarp_less_equal_than_30_cyc_l1d = 0.0000
total_percentage_coalesced_intrawarp_less_equal_than_40_cyc_l1d = 0.0000
total_percentage_coalesced_intrawarp_less_equal_than_50_cyc_l1d = 0.0000
total_percentage_coalesced_intrawarp_less_equal_than_100_cyc_l1d = 0.0000
total_percentage_coalesced_intrawarp_less_equal_than_200_cyc_l1d = 0.0000
total_percentage_coalesced_intrawarp_bigger_than_200_cyc_l1d = 0.0000
total_percentage_coalesced_interwarp_less_equal_than_5_cyc_l1d = 0.0000
total_percentage_coalesced_interwarp_less_equal_than_10_cyc_l1d = 0.0000
total_percentage_coalesced_interwarp_less_equal_than_20_cyc_l1d = 0.0000
total_percentage_coalesced_interwarp_less_equal_than_30_cyc_l1d = 0.0000
total_percentage_coalesced_interwarp_less_equal_than_40_cyc_l1d = 0.0000
total_percentage_coalesced_interwarp_less_equal_than_50_cyc_l1d = 0.0000
total_percentage_coalesced_interwarp_less_equal_than_100_cyc_l1d = 0.0000
total_percentage_coalesced_interwarp_less_equal_than_200_cyc_l1d = 0.0000
total_percentage_coalesced_interwarp_bigger_than_200_cyc_l1d = 0.0000
total_percentage_coalesced_intrawarp_const = 0.0000
total_percentage_coalesced_interwarp_const = 0.0000
total_percentage_not_coalesced_const = 0.0000
total_percentage_coalesced_intrawarp_less_equal_than_5_cyc_const = 0.0000
total_percentage_coalesced_intrawarp_less_equal_than_10_cyc_const = 0.0000
total_percentage_coalesced_intrawarp_less_equal_than_20_cyc_const = 0.0000
total_percentage_coalesced_intrawarp_less_equal_than_30_cyc_const = 0.0000
total_percentage_coalesced_intrawarp_less_equal_than_40_cyc_const = 0.0000
total_percentage_coalesced_intrawarp_less_equal_than_50_cyc_const = 0.0000
total_percentage_coalesced_intrawarp_less_equal_than_100_cyc_const = 0.0000
total_percentage_coalesced_intrawarp_less_equal_than_200_cyc_const = 0.0000
total_percentage_coalesced_intrawarp_bigger_than_200_cyc_const = 0.0000
total_percentage_coalesced_interwarp_less_equal_than_5_cyc_const = 0.0000
total_percentage_coalesced_interwarp_less_equal_than_10_cyc_const = 0.0000
total_percentage_coalesced_interwarp_less_equal_than_20_cyc_const = 0.0000
total_percentage_coalesced_interwarp_less_equal_than_30_cyc_const = 0.0000
total_percentage_coalesced_interwarp_less_equal_than_40_cyc_const = 0.0000
total_percentage_coalesced_interwarp_less_equal_than_50_cyc_const = 0.0000
total_percentage_coalesced_interwarp_less_equal_than_100_cyc_const = 0.0000
total_percentage_coalesced_interwarp_less_equal_than_200_cyc_const = 0.0000
total_percentage_coalesced_interwarp_bigger_than_200_cyc_const = 0.0000
total_percentage_coalesced_intrawarp_sharedmem = 0.0000
total_percentage_coalesced_interwarp_sharedmem = 0.0000
total_percentage_not_coalesced_sharedmem = 0.0000
total_percentage_coalesced_intrawarp_less_equal_than_5_cyc_sharedmem = 0.0000
total_percentage_coalesced_intrawarp_less_equal_than_10_cyc_sharedmem = 0.0000
total_percentage_coalesced_intrawarp_less_equal_than_20_cyc_sharedmem = 0.0000
total_percentage_coalesced_intrawarp_less_equal_than_30_cyc_sharedmem = 0.0000
total_percentage_coalesced_intrawarp_less_equal_than_40_cyc_sharedmem = 0.0000
total_percentage_coalesced_intrawarp_less_equal_than_50_cyc_sharedmem = 0.0000
total_percentage_coalesced_intrawarp_less_equal_than_100_cyc_sharedmem = 0.0000
total_percentage_coalesced_intrawarp_less_equal_than_200_cyc_sharedmem = 0.0000
total_percentage_coalesced_intrawarp_bigger_than_200_cyc_sharedmem = 0.0000
total_percentage_coalesced_interwarp_less_equal_than_5_cyc_sharedmem = 0.0000
total_percentage_coalesced_interwarp_less_equal_than_10_cyc_sharedmem = 0.0000
total_percentage_coalesced_interwarp_less_equal_than_20_cyc_sharedmem = 0.0000
total_percentage_coalesced_interwarp_less_equal_than_30_cyc_sharedmem = 0.0000
total_percentage_coalesced_interwarp_less_equal_than_40_cyc_sharedmem = 0.0000
total_percentage_coalesced_interwarp_less_equal_than_50_cyc_sharedmem = 0.0000
total_percentage_coalesced_interwarp_less_equal_than_100_cyc_sharedmem = 0.0000
total_percentage_coalesced_interwarp_less_equal_than_200_cyc_sharedmem = 0.0000
total_percentage_coalesced_interwarp_bigger_than_200_cyc_sharedmem = 0.0000
total_percentage_accesses_candidate_to_coalesce = 0.0000
total_percentage_accesses_coalesced = 0.0000
gpgpu_n_tot_thrd_icount = 7995392
gpgpu_n_tot_w_icount = 249856
gpgpu_n_stall_dispatch_to_subpipeline_mem = 0 
gpgpu_n_mem_read_local = 0 
gpgpu_n_mem_write_local = 0 
gpgpu_n_mem_read_global = 9728 
gpgpu_n_mem_write_global = 12288 
gpgpu_n_mem_texture = 0 
gpgpu_n_mem_const = 136 
gpgpu_n_load_insn  = 69632 
gpgpu_n_store_insn = 69632 
gpgpu_n_shmem_insn = 520192 
gpgpu_n_sstarr_insn = 0 
gpgpu_n_tex_insn = 0 
gpgpu_n_const_mem_insn = 0 
gpgpu_n_param_mem_insn = 0 
gpgpu_n_shmem_bkconflict = 0 
gpgpu_n_shmem_port_conflict = 0 
gpgpu_n_l1cache_bkconflict = 0 
gpgpu_n_l1cache_coalescing_conflicts = 16896 
gpgpu_n_directly_to_l2_coalescing_conflicts = 0 
gpgpu_n_intrawarp_mshr_merge = 0
gpgpu_n_cmem_portconflict = 0 
gpgpu_n_cmem_coalescing_conflicts = 0 
gpgpu_stall_shd_mem[C_MEM][BK_CONF] : 0 
gpgpu_stall_shd_mem[S_MEM][BK_CONF] : 0 
gpgpu_stall_shd_mem[gl_mem][resource_stall] = 0
gpgpu_stall_shd_mem[gl_mem][coal_stall] = 0
gpgpu_stall_shd_mem[gl_mem][data_port_stall] = 0
gpgpu_stall_shd_mem[gl_mem][icnt_stall] = 0
gpu_reg_bank_conflict_stalls = 0
Total_effective_incomplete_warps: 38656
Total_percentage_incomplete_warps: 15.47
Warp Occupancy Distribution:
Stall:0	W0_Idle:0	W0_Scoreboard:0	W1:0	W2:18432	W3:0	W4:0	W5:0	W6:0	W7:0	W8:0	W9:0	W10:0	W11:0	W12:0	W13:0	W14:0	W15:0	W16:18176	W17:0	W18:0	W19:0	W20:0	W21:0	W22:0	W23:0	W24:0	W25:0	W26:0	W27:0	W28:0	W29:0	W30:2048	W31:0	W32:172032
single_issue_nums: WS0:0	WS1:0	WS2:0	WS3:0	
dual_issue_nums: WS0:0	WS1:0	WS2:0	WS3:0	
traffic_breakdown_coretomem[CONST_ACC_R] = 1088 {8:136,}
traffic_breakdown_coretomem[GLOBAL_ACC_R] = 77824 {8:9728,}
traffic_breakdown_coretomem[GLOBAL_ACC_W] = 491520 {40:12288,}
traffic_breakdown_coretomem[INST_ACC_R] = 13056 {8:1632,}
traffic_breakdown_memtocore[CONST_ACC_R] = 21760 {40:544,}
traffic_breakdown_memtocore[GLOBAL_ACC_R] = 389120 {40:9728,}
traffic_breakdown_memtocore[GLOBAL_ACC_W] = 98304 {8:12288,}
traffic_breakdown_memtocore[INST_ACC_R] = 261120 {40:6528,}
maxmflatency = 846 
max_icnt2mem_latency = 116 
maxmrqlatency = 92 
max_icnt2sh_latency = 124 
averagemflatency = 360 
avg_icnt2mem_latency = 30 
avg_mrq_latency = 2 
avg_icnt2sh_latency = 5 
mrq_lat_table:6938 	845 	714 	420 	285 	91 	29 	0 	0 	0 	0 	0 	0 	0 	0 	0 	0 	0 	0 	0 	0 	0 	0 	0 	0 	0 	0 	0 	0 	0 	0 	0 	
dq_lat_table:0 	0 	0 	0 	0 	0 	0 	0 	0 	0 	0 	0 	0 	0 	0 	0 	0 	0 	0 	0 	0 	0 	0 	0 	0 	0 	0 	0 	0 	0 	0 	0 	
mf_lat_table:0 	0 	0 	0 	0 	0 	0 	11878 	4996 	5142 	0 	0 	0 	0 	0 	0 	0 	0 	0 	0 	0 	0 	0 	0 	0 	0 	0 	0 	0 	0 	0 	0 	
icnt2mem_lat_table:0 	795 	153 	169 	15217 	6190 	1260 	0 	0 	0 	0 	0 	0 	0 	0 	0 	0 	0 	0 	0 	0 	0 	0 	0 	
icnt2sh_lat_table:0 	15439 	3332 	1982 	846 	261 	156 	0 	0 	0 	0 	0 	0 	0 	0 	0 	0 	0 	0 	0 	0 	0 	0 	0 	
mf_lat_pw_table:0 	0 	0 	0 	0 	0 	0 	3 	2 	1 	0 	0 	0 	0 	0 	0 	0 	0 	0 	0 	0 	0 	0 	0 	0 	0 	0 	0 	0 	0 	0 	0 	
maximum concurrent accesses to same row:
dram[0]:         0         0         0         0         0         0         0         0         0         0         0         0         0         0        80        80 
dram[1]:         0         0         0         0         0         0         0         0         0         0         0         0         0         0         0         0 
dram[2]:         0         0         0         0         0         0         0         0         0         0         0         0         0         0         0         0 
dram[3]:         0         0         0         0         0         0         0         0         0         0         4         0         0         0         0         0 
dram[4]:         0         0         0         0         0         0         0         0         0         0         0         0         0         0         0         0 
dram[5]:         0         0         0         0         0         0         0         0         0         0         0         0         0         0         0         0 
dram[6]:         0         0         0         0         0         0         0         0         0         0         0         0         0         0         0         0 
dram[7]:         0         0         0         0         0         0         0         0         0         0         0         0         0         0         0         0 
dram[8]:         0         0         0         0         0         0         0         0         0         0         4         0         0         0         4         4 
dram[9]:         0         0         0         0         0         0         0         0         0         0         0         0         0         0         0         0 
dram[10]:         0         0         0         0         0         0         0         0         0         0         0         0         0         0         4         4 
dram[11]:         0         0         0         0         0         0         0         0         0         0         0         0         0         0         4         4 
dram[12]:         0         0         0         0         0         0         0         0         0         0         0         0         0         0         4         4 
dram[13]:         0         0         0         0         0         0         0         0         0         0         0         0         0         0         4         4 
dram[14]:         0         0         0         0         0         0         0         0         0         0         0         0         0         0         4         4 
dram[15]:         0         0         0         0         0         0         0         0         0         0         0         0         0         0         4         4 
dram[16]:         0         0         0         0         0         0         0         0         0         0         0         0         0         0        20        32 
dram[17]:         0         0         0         0         0         0         0         0         0         0         0         0         0         0        11        14 
dram[18]:         0         0         0         0         0         0         0         0         0         0         0         0         0         0        64        64 
dram[19]:         0         0         0         0         0         0         0         0         0         0         0         0         0         0        64        64 
maximum service time to same row:
dram[0]:      4281      4273         0         0         0         0         0         0      3754      3762      4577      4584      4484      4482      4352      4337 
dram[1]:      4286      4296         0         0         0         0         0         0      3770      3778      4582      4617      4467      4474      4336      4342 
dram[2]:      4288      4280         0         0         0         0         0         0      3786      3794      4523      4535      4493      4481      4347      4361 
dram[3]:      4283      4299         0         0         0         0         0         0      3790      3785      3175      4558      4492      4488      4329      4332 
dram[4]:      4303      4313         0         0         0         0         0         0      3944      3734      3969      4553      4463      4468      4355      4347 
dram[5]:      4305      4297         0         0         0         0         0         0      3742      3750      4560      4541      4464      4474      4353      4363 
dram[6]:      4301      4315         0         0         0         0         0         0      3758      3746      4528      4535      4487      4461      4337      4328 
dram[7]:      4281      4284         0         0         0         0         0         0      3774      3782      4543      4558      4454      4457      4343      4358 
dram[8]:      4265      4268         0         0         0         0         0         0      3850      3881      2574      4579      4483      4491      2328      2318 
dram[9]:      4288      4273         0         0         0         0         0         0      3834      3842      4577      4568      4489      4478      4335      4346 
dram[10]:      4272      4278         0         0         0         0         0         0      3841      3849      4550      4536      4488      4480      2349      2346 
dram[11]:      4297      4280         0         0         0         0         0         0      3853      3861      4544      4557      4509      4501      2320      2336 
dram[12]:         0         0         0         0         0         0         0         0         0         0      4545      4553      4465      4471      2490      3155 
dram[13]:         0         0         0         0         0         0         0         0         0         0      4532      4520      4476      4473      2489      2485 
dram[14]:         0         0         0         0         0         0         0         0         0         0      4608      4581      4470      4463      4336      4362 
dram[15]:         0         0         0         0         0         0         0         0         0         0      4647      4539      4468      4462      3753      4275 
dram[16]:      4320      4312         0         0         0         0         0         0      3806      3814      5011      5045      4453      4446      4393      4357 
dram[17]:      4304      4310         0         0         0         0         0         0      3809      3817      5002      5006      4449      4456      4349      4355 
dram[18]:      4305      4303         0         0         0         0         0         0      3818      3813      4790      4796      4460      4457      4361      4344 
dram[19]:      4276      4291         0         0         0         0         0         0      3802      3810      4791      4788      4530      4534      4342      4345 
average row accesses per activate:
dram[0]: 44.000000 44.000000      -nan      -nan      -nan      -nan      -nan      -nan 12.000000 12.000000 78.000000 80.000000 80.000000 80.000000 42.000000 42.000000 
dram[1]: 44.000000 44.000000      -nan      -nan      -nan      -nan      -nan      -nan 12.000000 12.000000 80.000000 80.000000 80.000000 80.000000 80.000000 80.000000 
dram[2]: 44.000000 44.000000      -nan      -nan      -nan      -nan      -nan      -nan 12.000000 12.000000 80.000000 80.000000 80.000000 80.000000 80.000000 80.000000 
dram[3]: 44.000000 44.000000      -nan      -nan      -nan      -nan      -nan      -nan 12.000000 12.000000 42.000000 80.000000 80.000000 80.000000 80.000000 80.000000 
dram[4]: 35.000000 32.000000      -nan      -nan      -nan      -nan      -nan      -nan 28.000000 28.000000 77.000000 76.000000 80.000000 80.000000 80.000000 80.000000 
dram[5]: 32.000000 32.000000      -nan      -nan      -nan      -nan      -nan      -nan 28.000000 28.000000 76.000000 76.000000 80.000000 80.000000 80.000000 80.000000 
dram[6]: 32.000000 32.000000      -nan      -nan      -nan      -nan      -nan      -nan 28.000000 28.000000 76.000000 76.000000 80.000000 80.000000 80.000000 80.000000 
dram[7]: 32.000000 32.000000      -nan      -nan      -nan      -nan      -nan      -nan 28.000000 28.000000 76.000000 76.000000 80.000000 80.000000 80.000000 80.000000 
dram[8]: 28.000000 28.000000      -nan      -nan      -nan      -nan      -nan      -nan 12.000000 12.000000 42.000000 80.000000 80.000000 80.000000 42.000000 42.000000 
dram[9]: 28.000000 28.000000      -nan      -nan      -nan      -nan      -nan      -nan 12.000000 12.000000 80.000000 80.000000 80.000000 80.000000 80.000000 80.000000 
dram[10]: 28.000000 28.000000      -nan      -nan      -nan      -nan      -nan      -nan 12.000000 12.000000 80.000000 80.000000 80.000000 80.000000 42.000000 42.000000 
dram[11]: 28.000000 28.000000      -nan      -nan      -nan      -nan      -nan      -nan 12.000000 12.000000 80.000000 80.000000 80.000000 80.000000 42.000000 42.000000 
dram[12]:      -nan      -nan      -nan      -nan      -nan      -nan      -nan      -nan      -nan      -nan 64.000000 64.000000 64.000000 64.000000 10.000000 10.000000 
dram[13]:      -nan      -nan      -nan      -nan      -nan      -nan      -nan      -nan      -nan      -nan 64.000000 64.000000 64.000000 64.000000 10.000000 10.000000 
dram[14]:      -nan      -nan      -nan      -nan      -nan      -nan      -nan      -nan      -nan      -nan 64.000000 64.000000 64.000000 64.000000 10.000000 10.000000 
dram[15]:      -nan      -nan      -nan      -nan      -nan      -nan      -nan      -nan      -nan      -nan 64.000000 64.000000 64.000000 64.000000 10.000000 10.000000 
dram[16]: 28.000000 28.000000      -nan      -nan      -nan      -nan      -nan      -nan 12.000000 12.000000 16.000000 16.000000 16.000000 16.000000 22.666666 22.666666 
dram[17]: 28.000000 28.000000      -nan      -nan      -nan      -nan      -nan      -nan 12.000000 12.000000 16.000000 16.000000 16.000000 16.000000 22.666666 22.666666 
dram[18]: 28.000000 28.000000      -nan      -nan      -nan      -nan      -nan      -nan 12.000000 12.000000 16.000000 16.000000 16.000000 16.000000 34.000000 34.000000 
dram[19]: 28.000000 28.000000      -nan      -nan      -nan      -nan      -nan      -nan 12.000000 12.000000 16.000000 16.000000 16.000000 16.000000 34.000000 34.000000 
average row locality = 9322/214 = 43.560749
number of total memory accesses made:
dram[0]:         0         0         0         0         0         0         0         0         0         0         0         0         0         0         0         0 
dram[1]:         0         0         0         0         0         0         0         0         0         0         0         0         0         0         0         0 
dram[2]:         0         0         0         0         0         0         0         0         0         0         0         0         0         0         0         0 
dram[3]:         0         0         0         0         0         0         0         0         0         0         0         0         0         0         0         0 
dram[4]:         0         0         0         0         0         0         0         0         0         0         0         0         0         0         0         0 
dram[5]:         0         0         0         0         0         0         0         0         0         0         0         0         0         0         0         0 
dram[6]:         0         0         0         0         0         0         0         0         0         0         0         0         0         0         0         0 
dram[7]:         0         0         0         0         0         0         0         0         0         0         0         0         0         0         0         0 
dram[8]:         0         0         0         0         0         0         0         0         0         0         0         0         0         0         0         0 
dram[9]:         0         0         0         0         0         0         0         0         0         0         0         0         0         0         0         0 
dram[10]:         0         0         0         0         0         0         0         0         0         0         0         0         0         0         0         0 
dram[11]:         0         0         0         0         0         0         0         0         0         0         0         0         0         0         0         0 
dram[12]:         0         0         0         0         0         0         0         0         0         0         0         0         0         0         0         0 
dram[13]:         0         0         0         0         0         0         0         0         0         0         0         0         0         0         0         0 
dram[14]:         0         0         0         0         0         0         0         0         0         0         0         0         0         0         0         0 
dram[15]:         0         0         0         0         0         0         0         0         0         0         0         0         0         0         0         0 
dram[16]:         0         0         0         0         0         0         0         0         0         0         0         0         0         0         0         0 
dram[17]:         0         0         0         0         0         0         0         0         0         0         0         0         0         0         0         0 
dram[18]:         0         0         0         0         0         0         0         0         0         0         0         0         0         0         0         0 
dram[19]:         0         0         0         0         0         0         0         0         0         0         0         0         0         0         0         0 
total accesses: 0
min_bank_accesses = 0!
min_chip_accesses = 0!
number of total read accesses:
dram[0]:        44        44         0         0         0         0         0         0        12        12        78        80        80        80        84        84 
dram[1]:        44        44         0         0         0         0         0         0        12        12        80        80        80        80        80        80 
dram[2]:        44        44         0         0         0         0         0         0        12        12        80        80        80        80        80        80 
dram[3]:        44        44         0         0         0         0         0         0        12        12        84        80        80        80        80        80 
dram[4]:        35        32         0         0         0         0         0         0        28        28        77        76        80        80        80        80 
dram[5]:        32        32         0         0         0         0         0         0        28        28        76        76        80        80        80        80 
dram[6]:        32        32         0         0         0         0         0         0        28        28        76        76        80        80        80        80 
dram[7]:        32        32         0         0         0         0         0         0        28        28        76        76        80        80        80        80 
dram[8]:        28        28         0         0         0         0         0         0        12        12        84        80        80        80        84        84 
dram[9]:        28        28         0         0         0         0         0         0        12        12        80        80        80        80        80        80 
dram[10]:        28        28         0         0         0         0         0         0        12        12        80        80        80        80        84        84 
dram[11]:        28        28         0         0         0         0         0         0        12        12        80        80        80        80        84        84 
dram[12]:         0         0         0         0         0         0         0         0         0         0        64        64        64        64        20        20 
dram[13]:         0         0         0         0         0         0         0         0         0         0        64        64        64        64        20        20 
dram[14]:         0         0         0         0         0         0         0         0         0         0        64        64        64        64        20        20 
dram[15]:         0         0         0         0         0         0         0         0         0         0        64        64        64        64        20        20 
dram[16]:        28        28         0         0         0         0         0         0        12        12        16        16        16        16        68        68 
dram[17]:        28        28         0         0         0         0         0         0        12        12        16        16        16        16        68        68 
dram[18]:        28        28         0         0         0         0         0         0        12        12        16        16        16        16        68        68 
dram[19]:        28        28         0         0         0         0         0         0        12        12        16        16        16        16        68        68 
total dram reads = 9322
min_bank_accesses = 0!
chip skew: 598/280 = 2.14
number of total write accesses:
dram[0]:         0         0         0         0         0         0         0         0         0         0         0         0         0         0         0         0 
dram[1]:         0         0         0         0         0         0         0         0         0         0         0         0         0         0         0         0 
dram[2]:         0         0         0         0         0         0         0         0         0         0         0         0         0         0         0         0 
dram[3]:         0         0         0         0         0         0         0         0         0         0         0         0         0         0         0         0 
dram[4]:         0         0         0         0         0         0         0         0         0         0         0         0         0         0         0         0 
dram[5]:         0         0         0         0         0         0         0         0         0         0         0         0         0         0         0         0 
dram[6]:         0         0         0         0         0         0         0         0         0         0         0         0         0         0         0         0 
dram[7]:         0         0         0         0         0         0         0         0         0         0         0         0         0         0         0         0 
dram[8]:         0         0         0         0         0         0         0         0         0         0         0         0         0         0         0         0 
dram[9]:         0         0         0         0         0         0         0         0         0         0         0         0         0         0         0         0 
dram[10]:         0         0         0         0         0         0         0         0         0         0         0         0         0         0         0         0 
dram[11]:         0         0         0         0         0         0         0         0         0         0         0         0         0         0         0         0 
dram[12]:         0         0         0         0         0         0         0         0         0         0         0         0         0         0         0         0 
dram[13]:         0         0         0         0         0         0         0         0         0         0         0         0         0         0         0         0 
dram[14]:         0         0         0         0         0         0         0         0         0         0         0         0         0         0         0         0 
dram[15]:         0         0         0         0         0         0         0         0         0         0         0         0         0         0         0         0 
dram[16]:         0         0         0         0         0         0         0         0         0         0         0         0         0         0         0         0 
dram[17]:         0         0         0         0         0         0         0         0         0         0         0         0         0         0         0         0 
dram[18]:         0         0         0         0         0         0         0         0         0         0         0         0         0         0         0         0 
dram[19]:         0         0         0         0         0         0         0         0         0         0         0         0         0         0         0         0 
total dram writes = 0
min_bank_accesses = 0!
min_chip_accesses = 0!
DRAM_BW_total =      78.2345 GB/Sec
average mf latency per bank:
dram[0]:       1108      1158    none      none      none      none      none      none         685       686       814       818       836       851       776       820
dram[1]:       1038      1038    none      none      none      none      none      none         687       688       837       812       816       800       785       787
dram[2]:       1062      1050    none      none      none      none      none      none         659       661       830       827       790       803       801       796
dram[3]:       1032      1037    none      none      none      none      none      none         689       661       795       815       801       793       800       787
dram[4]:       1304      1312    none      none      none      none      none      none         714       702       820       817       808       806       807       781
dram[5]:       1353      1359    none      none      none      none      none      none         702       703       810       813       803       814       803       790
dram[6]:       1475      1426    none      none      none      none      none      none         687       690       815       835       795       807       795       805
dram[7]:       1460      1456    none      none      none      none      none      none         697       705       806       813       787       828       794       827
dram[8]:       1187      1169    none      none      none      none      none      none         679       697       750       818       803       810       750       751
dram[9]:       1187      1184    none      none      none      none      none      none         675       678       794       812       807       812       784       777
dram[10]:       1150      1208    none      none      none      none      none      none         690       693       801       809       806       814       743       766
dram[11]:       1164      1180    none      none      none      none      none      none         691       690       825       807       796       788       753       757
dram[12]:     none      none      none      none      none      none      none      none      none      none         796       811       799       784       655       611
dram[13]:     none      none      none      none      none      none      none      none      none      none         785       814       766       782       645       622
dram[14]:     none      none      none      none      none      none      none      none      none      none         955       930       957       992       717       720
dram[15]:     none      none      none      none      none      none      none      none      none      none         840       838       832       826       740       723
dram[16]:       1240      1295    none      none      none      none      none      none         640       644      1080      1016       897       879       888       859
dram[17]:       1306      1347    none      none      none      none      none      none         638       641      1050       976       958       952       863       874
dram[18]:       1170      1281    none      none      none      none      none      none         674       665       781       762       785       815       752       766
dram[19]:       1206      1194    none      none      none      none      none      none         688       693       806       861       768       814       760       749
maximum mf latency per bank:
dram[0]:        551       585         0         0         0         0         0         0       488       488       570       571       552       585       565       578
dram[1]:        593       578         0         0         0         0         0         0       488       488       578       586       579       563       552       551
dram[2]:        562       569         0         0         0         0         0         0       488       488       577       584       572       566       549       571
dram[3]:        565       564         0         0         0         0         0         0       488       488       578       581       556       564       602       579
dram[4]:        558       542         0         0         0         0         0         0       488       488       574       583       599       586       578       591
dram[5]:        531       548         0         0         0         0         0         0       488       488       576       581       605       587       577       577
dram[6]:        549       563         0         0         0         0         0         0       488       488       577       582       577       582       594       600
dram[7]:        546       562         0         0         0         0         0         0       488       488       566       566       554       579       574       603
dram[8]:        549       556         0         0         0         0         0         0       488       488       570       578       564       583       554       544
dram[9]:        565       568         0         0         0         0         0         0       488       488       563       581       565       632       550       559
dram[10]:        557       551         0         0         0         0         0         0       488       488       577       581       621       631       549       545
dram[11]:        558       608         0         0         0         0         0         0       488       488       570       566       567       607       552       556
dram[12]:        252       223         0         0         0         0         0         0         0         0       554       561       530       539       536       551
dram[13]:        255       228         0         0         0         0         0         0         0         0       572       566       536       537       536       539
dram[14]:        233       224         0         0         0         0         0         0         0         0       788       779       738       796       685       716
dram[15]:        237       222         0         0         0         0         0         0         0         0       706       686       652       681       750       727
dram[16]:        846       841         0         0         0         0         0         0       488       488       772       772       772       772       829       821
dram[17]:        724       735         0         0         0         0         0         0       488       488       715       719       793       777       728       793
dram[18]:        533       550         0         0         0         0         0         0       488       488       508       513       530       531       544       539
dram[19]:        553       548         0         0         0         0         0         0       488       488       729       716       528       536       548       544
Memory Partition 0: 
Cache L2_bank_000:
MSHR contents

Cache L2_bank_001:
MSHR contents

In Dram Latency Queue (total = 0): 
DRAM[0]: 16 bks, busW=2 BL=16 CL=24, tRRD=12 tCCD=4, tRCD=24 tRAS=55 tRP=24 tRC=78
n_cmd=36223 n_nop=35611 n_act=12 n_pre=2 n_ref_event=0 n_req=598 n_rd=598 n_rd_L2_A=0 n_write=0 n_wr_bk=0 bw_util=0.06604
n_activity=3643 dram_eff=0.6566
bk0: 44a 35817i bk1: 44a 35619i bk2: 0a 36218i bk3: 0a 36220i bk4: 0a 36221i bk5: 0a 36222i bk6: 0a 36225i bk7: 0a 36226i bk8: 12a 36201i bk9: 12a 36201i bk10: 78a 35829i bk11: 80a 35728i bk12: 80a 35739i bk13: 80a 35599i bk14: 84a 35533i bk15: 84a 35356i 

------------------------------------------------------------------------

Row_Buffer_Locality = 0.979933
Row_Buffer_Locality_read = 0.979933
Row_Buffer_Locality_write = -nan
Bank_Level_Parallism = 2.126277
Bank_Level_Parallism_Col = 2.151464
Bank_Level_Parallism_Ready = 1.628762
write_to_read_ratio_blp_rw_average = 0.000000
GrpLevelPara = 2.011297 

BW Util details:
bwutil = 0.066035 
total_CMD = 36223 
util_bw = 2392 
Wasted_Col = 323 
Wasted_Row = 48 
Idle = 33460 

BW Util Bottlenecks: 
RCDc_limit = 214 
RCDWRc_limit = 0 
WTRc_limit = 0 
RTWc_limit = 0 
CCDLc_limit = 137 
rwq = 0 
CCDLc_limit_alone = 137 
WTRc_limit_alone = 0 
RTWc_limit_alone = 0 

Commands details: 
total_CMD = 36223 
n_nop = 35611 
Read = 598 
Write = 0 
L2_Alloc = 0 
L2_WB = 0 
n_act = 12 
n_pre = 2 
n_ref = 0 
n_req = 598 
total_req = 598 

Dual Bus Interface Util: 
issued_total_row = 14 
issued_total_col = 598 
Row_Bus_Util =  0.000386 
CoL_Bus_Util = 0.016509 
Either_Row_CoL_Bus_Util = 0.016895 
Issued_on_Two_Bus_Simul_Util = 0.000000 
issued_two_Eff = 0.000000 
queue_avg = 0.274908 


dram_util_bins: 0 0 0 0 0 0 0 0 0 0
dram_eff_bins: 0 0 0 0 0 0 0 0 0 0
mrqq: max=15 avg=0.274908
Memory Partition 1: 
Cache L2_bank_002:
MSHR contents

Cache L2_bank_003:
MSHR contents

In Dram Latency Queue (total = 0): 
DRAM[1]: 16 bks, busW=2 BL=16 CL=24, tRRD=12 tCCD=4, tRCD=24 tRAS=55 tRP=24 tRC=78
n_cmd=36223 n_nop=35621 n_act=10 n_pre=0 n_ref_event=0 n_req=592 n_rd=592 n_rd_L2_A=0 n_write=0 n_wr_bk=0 bw_util=0.06537
n_activity=3190 dram_eff=0.7423
bk0: 44a 35602i bk1: 44a 35437i bk2: 0a 36221i bk3: 0a 36221i bk4: 0a 36223i bk5: 0a 36224i bk6: 0a 36224i bk7: 0a 36227i bk8: 12a 36202i bk9: 12a 36201i bk10: 80a 35728i bk11: 80a 35785i bk12: 80a 35706i bk13: 80a 35446i bk14: 80a 35549i bk15: 80a 35433i 

------------------------------------------------------------------------

Row_Buffer_Locality = 0.983108
Row_Buffer_Locality_read = 0.983108
Row_Buffer_Locality_write = -nan
Bank_Level_Parallism = 2.394396
Bank_Level_Parallism_Col = 2.395807
Bank_Level_Parallism_Ready = 1.863176
write_to_read_ratio_blp_rw_average = 0.000000
GrpLevelPara = 2.263312 

BW Util details:
bwutil = 0.065373 
total_CMD = 36223 
util_bw = 2368 
Wasted_Col = 217 
Wasted_Row = 0 
Idle = 33638 

BW Util Bottlenecks: 
RCDc_limit = 146 
RCDWRc_limit = 0 
WTRc_limit = 0 
RTWc_limit = 0 
CCDLc_limit = 78 
rwq = 0 
CCDLc_limit_alone = 78 
WTRc_limit_alone = 0 
RTWc_limit_alone = 0 

Commands details: 
total_CMD = 36223 
n_nop = 35621 
Read = 592 
Write = 0 
L2_Alloc = 0 
L2_WB = 0 
n_act = 10 
n_pre = 0 
n_ref = 0 
n_req = 592 
total_req = 592 

Dual Bus Interface Util: 
issued_total_row = 10 
issued_total_col = 592 
Row_Bus_Util =  0.000276 
CoL_Bus_Util = 0.016343 
Either_Row_CoL_Bus_Util = 0.016619 
Issued_on_Two_Bus_Simul_Util = 0.000000 
issued_two_Eff = 0.000000 
queue_avg = 0.238909 


dram_util_bins: 0 0 0 0 0 0 0 0 0 0
dram_eff_bins: 0 0 0 0 0 0 0 0 0 0
mrqq: max=11 avg=0.238909
Memory Partition 2: 
Cache L2_bank_004:
MSHR contents

Cache L2_bank_005:
MSHR contents

In Dram Latency Queue (total = 0): 
DRAM[2]: 16 bks, busW=2 BL=16 CL=24, tRRD=12 tCCD=4, tRCD=24 tRAS=55 tRP=24 tRC=78
n_cmd=36223 n_nop=35621 n_act=10 n_pre=0 n_ref_event=0 n_req=592 n_rd=592 n_rd_L2_A=0 n_write=0 n_wr_bk=0 bw_util=0.06537
n_activity=3280 dram_eff=0.722
bk0: 44a 35730i bk1: 44a 35591i bk2: 0a 36220i bk3: 0a 36221i bk4: 0a 36222i bk5: 0a 36225i bk6: 0a 36225i bk7: 0a 36226i bk8: 12a 36202i bk9: 12a 36201i bk10: 80a 35834i bk11: 80a 35864i bk12: 80a 35766i bk13: 80a 35749i bk14: 80a 35663i bk15: 80a 35520i 

------------------------------------------------------------------------

Row_Buffer_Locality = 0.983108
Row_Buffer_Locality_read = 0.983108
Row_Buffer_Locality_write = -nan
Bank_Level_Parallism = 2.096025
Bank_Level_Parallism_Col = 2.099059
Bank_Level_Parallism_Ready = 1.604730
write_to_read_ratio_blp_rw_average = 0.000000
GrpLevelPara = 1.925146 

BW Util details:
bwutil = 0.065373 
total_CMD = 36223 
util_bw = 2368 
Wasted_Col = 256 
Wasted_Row = 0 
Idle = 33599 

BW Util Bottlenecks: 
RCDc_limit = 144 
RCDWRc_limit = 0 
WTRc_limit = 0 
RTWc_limit = 0 
CCDLc_limit = 127 
rwq = 0 
CCDLc_limit_alone = 127 
WTRc_limit_alone = 0 
RTWc_limit_alone = 0 

Commands details: 
total_CMD = 36223 
n_nop = 35621 
Read = 592 
Write = 0 
L2_Alloc = 0 
L2_WB = 0 
n_act = 10 
n_pre = 0 
n_ref = 0 
n_req = 592 
total_req = 592 

Dual Bus Interface Util: 
issued_total_row = 10 
issued_total_col = 592 
Row_Bus_Util =  0.000276 
CoL_Bus_Util = 0.016343 
Either_Row_CoL_Bus_Util = 0.016619 
Issued_on_Two_Bus_Simul_Util = 0.000000 
issued_two_Eff = 0.000000 
queue_avg = 0.336720 


dram_util_bins: 0 0 0 0 0 0 0 0 0 0
dram_eff_bins: 0 0 0 0 0 0 0 0 0 0
mrqq: max=28 avg=0.33672
Memory Partition 3: 
Cache L2_bank_006:
MSHR contents

Cache L2_bank_007:
MSHR contents

In Dram Latency Queue (total = 0): 
DRAM[3]: 16 bks, busW=2 BL=16 CL=24, tRRD=12 tCCD=4, tRCD=24 tRAS=55 tRP=24 tRC=78
n_cmd=36223 n_nop=35615 n_act=11 n_pre=1 n_ref_event=0 n_req=596 n_rd=596 n_rd_L2_A=0 n_write=0 n_wr_bk=0 bw_util=0.06581
n_activity=3302 dram_eff=0.722
bk0: 44a 35849i bk1: 44a 35636i bk2: 0a 36219i bk3: 0a 36222i bk4: 0a 36224i bk5: 0a 36227i bk6: 0a 36227i bk7: 0a 36228i bk8: 12a 36200i bk9: 12a 36202i bk10: 84a 35694i bk11: 80a 35750i bk12: 80a 35862i bk13: 80a 35732i bk14: 80a 35673i bk15: 80a 35521i 

------------------------------------------------------------------------

Row_Buffer_Locality = 0.981544
Row_Buffer_Locality_read = 0.981544
Row_Buffer_Locality_write = -nan
Bank_Level_Parallism = 1.970638
Bank_Level_Parallism_Col = 1.961716
Bank_Level_Parallism_Ready = 1.564489
write_to_read_ratio_blp_rw_average = 0.000000
GrpLevelPara = 1.895667 

BW Util details:
bwutil = 0.065815 
total_CMD = 36223 
util_bw = 2384 
Wasted_Col = 287 
Wasted_Row = 0 
Idle = 33552 

BW Util Bottlenecks: 
RCDc_limit = 171 
RCDWRc_limit = 0 
WTRc_limit = 0 
RTWc_limit = 0 
CCDLc_limit = 137 
rwq = 0 
CCDLc_limit_alone = 137 
WTRc_limit_alone = 0 
RTWc_limit_alone = 0 

Commands details: 
total_CMD = 36223 
n_nop = 35615 
Read = 596 
Write = 0 
L2_Alloc = 0 
L2_WB = 0 
n_act = 11 
n_pre = 1 
n_ref = 0 
n_req = 596 
total_req = 596 

Dual Bus Interface Util: 
issued_total_row = 12 
issued_total_col = 596 
Row_Bus_Util =  0.000331 
CoL_Bus_Util = 0.016454 
Either_Row_CoL_Bus_Util = 0.016785 
Issued_on_Two_Bus_Simul_Util = 0.000000 
issued_two_Eff = 0.000000 
queue_avg = 0.181625 


dram_util_bins: 0 0 0 0 0 0 0 0 0 0
dram_eff_bins: 0 0 0 0 0 0 0 0 0 0
mrqq: max=14 avg=0.181625
Memory Partition 4: 
Cache L2_bank_008:
MSHR contents

Cache L2_bank_009:
MSHR contents

In Dram Latency Queue (total = 0): 
DRAM[4]: 16 bks, busW=2 BL=16 CL=24, tRRD=12 tCCD=4, tRCD=24 tRAS=55 tRP=24 tRC=78
n_cmd=36223 n_nop=35617 n_act=10 n_pre=0 n_ref_event=0 n_req=596 n_rd=596 n_rd_L2_A=0 n_write=0 n_wr_bk=0 bw_util=0.06581
n_activity=3338 dram_eff=0.7142
bk0: 35a 35984i bk1: 32a 35871i bk2: 0a 36219i bk3: 0a 36221i bk4: 0a 36223i bk5: 0a 36224i bk6: 0a 36224i bk7: 0a 36226i bk8: 28a 36177i bk9: 28a 36171i bk10: 77a 35924i bk11: 76a 35826i bk12: 80a 35825i bk13: 80a 35755i bk14: 80a 35613i bk15: 80a 35386i 

------------------------------------------------------------------------

Row_Buffer_Locality = 0.983221
Row_Buffer_Locality_read = 0.983221
Row_Buffer_Locality_write = -nan
Bank_Level_Parallism = 1.888056
Bank_Level_Parallism_Col = 1.889872
Bank_Level_Parallism_Ready = 1.545302
write_to_read_ratio_blp_rw_average = 0.000000
GrpLevelPara = 1.734631 

BW Util details:
bwutil = 0.065815 
total_CMD = 36223 
util_bw = 2384 
Wasted_Col = 265 
Wasted_Row = 0 
Idle = 33574 

BW Util Bottlenecks: 
RCDc_limit = 174 
RCDWRc_limit = 0 
WTRc_limit = 0 
RTWc_limit = 0 
CCDLc_limit = 109 
rwq = 0 
CCDLc_limit_alone = 109 
WTRc_limit_alone = 0 
RTWc_limit_alone = 0 

Commands details: 
total_CMD = 36223 
n_nop = 35617 
Read = 596 
Write = 0 
L2_Alloc = 0 
L2_WB = 0 
n_act = 10 
n_pre = 0 
n_ref = 0 
n_req = 596 
total_req = 596 

Dual Bus Interface Util: 
issued_total_row = 10 
issued_total_col = 596 
Row_Bus_Util =  0.000276 
CoL_Bus_Util = 0.016454 
Either_Row_CoL_Bus_Util = 0.016730 
Issued_on_Two_Bus_Simul_Util = 0.000000 
issued_two_Eff = 0.000000 
queue_avg = 0.081412 


dram_util_bins: 0 0 0 0 0 0 0 0 0 0
dram_eff_bins: 0 0 0 0 0 0 0 0 0 0
mrqq: max=8 avg=0.0814124
Memory Partition 5: 
Cache L2_bank_010:
MSHR contents

Cache L2_bank_011:
MSHR contents

In Dram Latency Queue (total = 0): 
DRAM[5]: 16 bks, busW=2 BL=16 CL=24, tRRD=12 tCCD=4, tRCD=24 tRAS=55 tRP=24 tRC=78
n_cmd=36223 n_nop=35621 n_act=10 n_pre=0 n_ref_event=0 n_req=592 n_rd=592 n_rd_L2_A=0 n_write=0 n_wr_bk=0 bw_util=0.06537
n_activity=3463 dram_eff=0.6838
bk0: 32a 35960i bk1: 32a 35999i bk2: 0a 36221i bk3: 0a 36221i bk4: 0a 36222i bk5: 0a 36223i bk6: 0a 36225i bk7: 0a 36227i bk8: 28a 36185i bk9: 28a 36187i bk10: 76a 35933i bk11: 76a 35834i bk12: 80a 35887i bk13: 80a 35816i bk14: 80a 35647i bk15: 80a 35491i 

------------------------------------------------------------------------

Row_Buffer_Locality = 0.983108
Row_Buffer_Locality_read = 0.983108
Row_Buffer_Locality_write = -nan
Bank_Level_Parallism = 1.720124
Bank_Level_Parallism_Col = 1.723338
Bank_Level_Parallism_Ready = 1.427365
write_to_read_ratio_blp_rw_average = 0.000000
GrpLevelPara = 1.592593 

BW Util details:
bwutil = 0.065373 
total_CMD = 36223 
util_bw = 2368 
Wasted_Col = 327 
Wasted_Row = 0 
Idle = 33528 

BW Util Bottlenecks: 
RCDc_limit = 175 
RCDWRc_limit = 0 
WTRc_limit = 0 
RTWc_limit = 0 
CCDLc_limit = 169 
rwq = 0 
CCDLc_limit_alone = 169 
WTRc_limit_alone = 0 
RTWc_limit_alone = 0 

Commands details: 
total_CMD = 36223 
n_nop = 35621 
Read = 592 
Write = 0 
L2_Alloc = 0 
L2_WB = 0 
n_act = 10 
n_pre = 0 
n_ref = 0 
n_req = 592 
total_req = 592 

Dual Bus Interface Util: 
issued_total_row = 10 
issued_total_col = 592 
Row_Bus_Util =  0.000276 
CoL_Bus_Util = 0.016343 
Either_Row_CoL_Bus_Util = 0.016619 
Issued_on_Two_Bus_Simul_Util = 0.000000 
issued_two_Eff = 0.000000 
queue_avg = 0.109765 


dram_util_bins: 0 0 0 0 0 0 0 0 0 0
dram_eff_bins: 0 0 0 0 0 0 0 0 0 0
mrqq: max=12 avg=0.109765
Memory Partition 6: 
Cache L2_bank_012:
MSHR contents

Cache L2_bank_013:
MSHR contents

In Dram Latency Queue (total = 0): 
DRAM[6]: 16 bks, busW=2 BL=16 CL=24, tRRD=12 tCCD=4, tRCD=24 tRAS=55 tRP=24 tRC=78
n_cmd=36223 n_nop=35621 n_act=10 n_pre=0 n_ref_event=0 n_req=592 n_rd=592 n_rd_L2_A=0 n_write=0 n_wr_bk=0 bw_util=0.06537
n_activity=3552 dram_eff=0.6667
bk0: 32a 35873i bk1: 32a 35764i bk2: 0a 36218i bk3: 0a 36221i bk4: 0a 36221i bk5: 0a 36223i bk6: 0a 36224i bk7: 0a 36228i bk8: 28a 36179i bk9: 28a 36172i bk10: 76a 35862i bk11: 76a 35875i bk12: 80a 35827i bk13: 80a 35525i bk14: 80a 35418i bk15: 80a 35270i 

------------------------------------------------------------------------

Row_Buffer_Locality = 0.983108
Row_Buffer_Locality_read = 0.983108
Row_Buffer_Locality_write = -nan
Bank_Level_Parallism = 2.285262
Bank_Level_Parallism_Col = 2.289020
Bank_Level_Parallism_Ready = 1.726351
write_to_read_ratio_blp_rw_average = 0.000000
GrpLevelPara = 1.954628 

BW Util details:
bwutil = 0.065373 
total_CMD = 36223 
util_bw = 2368 
Wasted_Col = 254 
Wasted_Row = 0 
Idle = 33601 

BW Util Bottlenecks: 
RCDc_limit = 153 
RCDWRc_limit = 0 
WTRc_limit = 0 
RTWc_limit = 0 
CCDLc_limit = 112 
rwq = 0 
CCDLc_limit_alone = 112 
WTRc_limit_alone = 0 
RTWc_limit_alone = 0 

Commands details: 
total_CMD = 36223 
n_nop = 35621 
Read = 592 
Write = 0 
L2_Alloc = 0 
L2_WB = 0 
n_act = 10 
n_pre = 0 
n_ref = 0 
n_req = 592 
total_req = 592 

Dual Bus Interface Util: 
issued_total_row = 10 
issued_total_col = 592 
Row_Bus_Util =  0.000276 
CoL_Bus_Util = 0.016343 
Either_Row_CoL_Bus_Util = 0.016619 
Issued_on_Two_Bus_Simul_Util = 0.000000 
issued_two_Eff = 0.000000 
queue_avg = 0.334180 


dram_util_bins: 0 0 0 0 0 0 0 0 0 0
dram_eff_bins: 0 0 0 0 0 0 0 0 0 0
mrqq: max=26 avg=0.33418
Memory Partition 7: 
Cache L2_bank_014:
MSHR contents

Cache L2_bank_015:
MSHR contents

In Dram Latency Queue (total = 0): 
DRAM[7]: 16 bks, busW=2 BL=16 CL=24, tRRD=12 tCCD=4, tRCD=24 tRAS=55 tRP=24 tRC=78
n_cmd=36223 n_nop=35621 n_act=10 n_pre=0 n_ref_event=0 n_req=592 n_rd=592 n_rd_L2_A=0 n_write=0 n_wr_bk=0 bw_util=0.06537
n_activity=3571 dram_eff=0.6631
bk0: 32a 35972i bk1: 32a 35820i bk2: 0a 36222i bk3: 0a 36223i bk4: 0a 36224i bk5: 0a 36224i bk6: 0a 36226i bk7: 0a 36226i bk8: 28a 36178i bk9: 28a 36172i bk10: 76a 35953i bk11: 76a 35780i bk12: 80a 35771i bk13: 80a 35551i bk14: 80a 35544i bk15: 80a 35247i 

------------------------------------------------------------------------

Row_Buffer_Locality = 0.983108
Row_Buffer_Locality_read = 0.983108
Row_Buffer_Locality_write = -nan
Bank_Level_Parallism = 2.108049
Bank_Level_Parallism_Col = 2.110136
Bank_Level_Parallism_Ready = 1.631757
write_to_read_ratio_blp_rw_average = 0.000000
GrpLevelPara = 1.966213 

BW Util details:
bwutil = 0.065373 
total_CMD = 36223 
util_bw = 2368 
Wasted_Col = 281 
Wasted_Row = 0 
Idle = 33574 

BW Util Bottlenecks: 
RCDc_limit = 188 
RCDWRc_limit = 0 
WTRc_limit = 0 
RTWc_limit = 0 
CCDLc_limit = 129 
rwq = 0 
CCDLc_limit_alone = 129 
WTRc_limit_alone = 0 
RTWc_limit_alone = 0 

Commands details: 
total_CMD = 36223 
n_nop = 35621 
Read = 592 
Write = 0 
L2_Alloc = 0 
L2_WB = 0 
n_act = 10 
n_pre = 0 
n_ref = 0 
n_req = 592 
total_req = 592 

Dual Bus Interface Util: 
issued_total_row = 10 
issued_total_col = 592 
Row_Bus_Util =  0.000276 
CoL_Bus_Util = 0.016343 
Either_Row_CoL_Bus_Util = 0.016619 
Issued_on_Two_Bus_Simul_Util = 0.000000 
issued_two_Eff = 0.000000 
queue_avg = 0.277779 


dram_util_bins: 0 0 0 0 0 0 0 0 0 0
dram_eff_bins: 0 0 0 0 0 0 0 0 0 0
mrqq: max=18 avg=0.277779
Memory Partition 8: 
Cache L2_bank_016:
MSHR contents

Cache L2_bank_017:
MSHR contents

In Dram Latency Queue (total = 0): 
DRAM[8]: 16 bks, busW=2 BL=16 CL=24, tRRD=12 tCCD=4, tRCD=24 tRAS=55 tRP=24 tRC=78
n_cmd=36223 n_nop=35635 n_act=13 n_pre=3 n_ref_event=0 n_req=572 n_rd=572 n_rd_L2_A=0 n_write=0 n_wr_bk=0 bw_util=0.06316
n_activity=3497 dram_eff=0.6543
bk0: 28a 36005i bk1: 28a 35883i bk2: 0a 36219i bk3: 0a 36221i bk4: 0a 36221i bk5: 0a 36224i bk6: 0a 36225i bk7: 0a 36226i bk8: 12a 36201i bk9: 12a 36195i bk10: 84a 35826i bk11: 80a 35859i bk12: 80a 35709i bk13: 80a 35485i bk14: 84a 35782i bk15: 84a 35637i 

------------------------------------------------------------------------

Row_Buffer_Locality = 0.977273
Row_Buffer_Locality_read = 0.977273
Row_Buffer_Locality_write = -nan
Bank_Level_Parallism = 1.904525
Bank_Level_Parallism_Col = 1.907322
Bank_Level_Parallism_Ready = 1.486014
write_to_read_ratio_blp_rw_average = 0.000000
GrpLevelPara = 1.834106 

BW Util details:
bwutil = 0.063164 
total_CMD = 36223 
util_bw = 2288 
Wasted_Col = 307 
Wasted_Row = 36 
Idle = 33592 

BW Util Bottlenecks: 
RCDc_limit = 239 
RCDWRc_limit = 0 
WTRc_limit = 0 
RTWc_limit = 0 
CCDLc_limit = 108 
rwq = 0 
CCDLc_limit_alone = 108 
WTRc_limit_alone = 0 
RTWc_limit_alone = 0 

Commands details: 
total_CMD = 36223 
n_nop = 35635 
Read = 572 
Write = 0 
L2_Alloc = 0 
L2_WB = 0 
n_act = 13 
n_pre = 3 
n_ref = 0 
n_req = 572 
total_req = 572 

Dual Bus Interface Util: 
issued_total_row = 16 
issued_total_col = 572 
Row_Bus_Util =  0.000442 
CoL_Bus_Util = 0.015791 
Either_Row_CoL_Bus_Util = 0.016233 
Issued_on_Two_Bus_Simul_Util = 0.000000 
issued_two_Eff = 0.000000 
queue_avg = 0.182536 


dram_util_bins: 0 0 0 0 0 0 0 0 0 0
dram_eff_bins: 0 0 0 0 0 0 0 0 0 0
mrqq: max=14 avg=0.182536
Memory Partition 9: 
Cache L2_bank_018:
MSHR contents

Cache L2_bank_019:
MSHR contents

In Dram Latency Queue (total = 0): 
DRAM[9]: 16 bks, busW=2 BL=16 CL=24, tRRD=12 tCCD=4, tRCD=24 tRAS=55 tRP=24 tRC=78
n_cmd=36223 n_nop=35654 n_act=10 n_pre=0 n_ref_event=0 n_req=560 n_rd=560 n_rd_L2_A=0 n_write=0 n_wr_bk=0 bw_util=0.06184
n_activity=3346 dram_eff=0.6695
bk0: 28a 35895i bk1: 28a 35948i bk2: 0a 36221i bk3: 0a 36223i bk4: 0a 36223i bk5: 0a 36224i bk6: 0a 36224i bk7: 0a 36225i bk8: 12a 36191i bk9: 12a 36193i bk10: 80a 35910i bk11: 80a 35754i bk12: 80a 35782i bk13: 80a 35215i bk14: 80a 35870i bk15: 80a 35782i 

------------------------------------------------------------------------

Row_Buffer_Locality = 0.982143
Row_Buffer_Locality_read = 0.982143
Row_Buffer_Locality_write = -nan
Bank_Level_Parallism = 1.985955
Bank_Level_Parallism_Col = 1.988722
Bank_Level_Parallism_Ready = 1.583929
write_to_read_ratio_blp_rw_average = 0.000000
GrpLevelPara = 1.932801 

BW Util details:
bwutil = 0.061839 
total_CMD = 36223 
util_bw = 2240 
Wasted_Col = 235 
Wasted_Row = 0 
Idle = 33748 

BW Util Bottlenecks: 
RCDc_limit = 149 
RCDWRc_limit = 0 
WTRc_limit = 0 
RTWc_limit = 0 
CCDLc_limit = 91 
rwq = 0 
CCDLc_limit_alone = 91 
WTRc_limit_alone = 0 
RTWc_limit_alone = 0 

Commands details: 
total_CMD = 36223 
n_nop = 35654 
Read = 560 
Write = 0 
L2_Alloc = 0 
L2_WB = 0 
n_act = 10 
n_pre = 0 
n_ref = 0 
n_req = 560 
total_req = 560 

Dual Bus Interface Util: 
issued_total_row = 10 
issued_total_col = 560 
Row_Bus_Util =  0.000276 
CoL_Bus_Util = 0.015460 
Either_Row_CoL_Bus_Util = 0.015708 
Issued_on_Two_Bus_Simul_Util = 0.000028 
issued_two_Eff = 0.001757 
queue_avg = 0.345940 


dram_util_bins: 0 0 0 0 0 0 0 0 0 0
dram_eff_bins: 0 0 0 0 0 0 0 0 0 0
mrqq: max=21 avg=0.34594
Memory Partition 10: 
Cache L2_bank_020:
MSHR contents

Cache L2_bank_021:
MSHR contents

In Dram Latency Queue (total = 0): 
DRAM[10]: 16 bks, busW=2 BL=16 CL=24, tRRD=12 tCCD=4, tRCD=24 tRAS=55 tRP=24 tRC=78
n_cmd=36223 n_nop=35641 n_act=12 n_pre=2 n_ref_event=0 n_req=568 n_rd=568 n_rd_L2_A=0 n_write=0 n_wr_bk=0 bw_util=0.06272
n_activity=3290 dram_eff=0.6906
bk0: 28a 35981i bk1: 28a 35864i bk2: 0a 36222i bk3: 0a 36222i bk4: 0a 36223i bk5: 0a 36223i bk6: 0a 36224i bk7: 0a 36225i bk8: 12a 36192i bk9: 12a 36191i bk10: 80a 35890i bk11: 80a 35847i bk12: 80a 35747i bk13: 80a 35412i bk14: 84a 35803i bk15: 84a 35539i 

------------------------------------------------------------------------

Row_Buffer_Locality = 0.978873
Row_Buffer_Locality_read = 0.978873
Row_Buffer_Locality_write = -nan
Bank_Level_Parallism = 1.915817
Bank_Level_Parallism_Col = 1.911540
Bank_Level_Parallism_Ready = 1.554577
write_to_read_ratio_blp_rw_average = 0.000000
GrpLevelPara = 1.833857 

BW Util details:
bwutil = 0.062723 
total_CMD = 36223 
util_bw = 2272 
Wasted_Col = 283 
Wasted_Row = 24 
Idle = 33644 

BW Util Bottlenecks: 
RCDc_limit = 189 
RCDWRc_limit = 0 
WTRc_limit = 0 
RTWc_limit = 0 
CCDLc_limit = 134 
rwq = 0 
CCDLc_limit_alone = 134 
WTRc_limit_alone = 0 
RTWc_limit_alone = 0 

Commands details: 
total_CMD = 36223 
n_nop = 35641 
Read = 568 
Write = 0 
L2_Alloc = 0 
L2_WB = 0 
n_act = 12 
n_pre = 2 
n_ref = 0 
n_req = 568 
total_req = 568 

Dual Bus Interface Util: 
issued_total_row = 14 
issued_total_col = 568 
Row_Bus_Util =  0.000386 
CoL_Bus_Util = 0.015681 
Either_Row_CoL_Bus_Util = 0.016067 
Issued_on_Two_Bus_Simul_Util = 0.000000 
issued_two_Eff = 0.000000 
queue_avg = 0.266350 


dram_util_bins: 0 0 0 0 0 0 0 0 0 0
dram_eff_bins: 0 0 0 0 0 0 0 0 0 0
mrqq: max=17 avg=0.26635
Memory Partition 11: 
Cache L2_bank_022:
MSHR contents

Cache L2_bank_023:
MSHR contents

In Dram Latency Queue (total = 0): 
DRAM[11]: 16 bks, busW=2 BL=16 CL=24, tRRD=12 tCCD=4, tRCD=24 tRAS=55 tRP=24 tRC=78
n_cmd=36223 n_nop=35641 n_act=12 n_pre=2 n_ref_event=0 n_req=568 n_rd=568 n_rd_L2_A=0 n_write=0 n_wr_bk=0 bw_util=0.06272
n_activity=3327 dram_eff=0.6829
bk0: 28a 35927i bk1: 28a 35765i bk2: 0a 36218i bk3: 0a 36219i bk4: 0a 36222i bk5: 0a 36223i bk6: 0a 36224i bk7: 0a 36225i bk8: 12a 36201i bk9: 12a 36194i bk10: 80a 35791i bk11: 80a 35770i bk12: 80a 35666i bk13: 80a 35345i bk14: 84a 35743i bk15: 84a 35710i 

------------------------------------------------------------------------

Row_Buffer_Locality = 0.978873
Row_Buffer_Locality_read = 0.978873
Row_Buffer_Locality_write = -nan
Bank_Level_Parallism = 2.092005
Bank_Level_Parallism_Col = 2.114979
Bank_Level_Parallism_Ready = 1.605634
write_to_read_ratio_blp_rw_average = 0.000000
GrpLevelPara = 2.009620 

BW Util details:
bwutil = 0.062723 
total_CMD = 36223 
util_bw = 2272 
Wasted_Col = 272 
Wasted_Row = 48 
Idle = 33631 

BW Util Bottlenecks: 
RCDc_limit = 202 
RCDWRc_limit = 0 
WTRc_limit = 0 
RTWc_limit = 0 
CCDLc_limit = 92 
rwq = 0 
CCDLc_limit_alone = 92 
WTRc_limit_alone = 0 
RTWc_limit_alone = 0 

Commands details: 
total_CMD = 36223 
n_nop = 35641 
Read = 568 
Write = 0 
L2_Alloc = 0 
L2_WB = 0 
n_act = 12 
n_pre = 2 
n_ref = 0 
n_req = 568 
total_req = 568 

Dual Bus Interface Util: 
issued_total_row = 14 
issued_total_col = 568 
Row_Bus_Util =  0.000386 
CoL_Bus_Util = 0.015681 
Either_Row_CoL_Bus_Util = 0.016067 
Issued_on_Two_Bus_Simul_Util = 0.000000 
issued_two_Eff = 0.000000 
queue_avg = 0.183309 


dram_util_bins: 0 0 0 0 0 0 0 0 0 0
dram_eff_bins: 0 0 0 0 0 0 0 0 0 0
mrqq: max=10 avg=0.183309
Memory Partition 12: 
Cache L2_bank_024:
MSHR contents

Cache L2_bank_025:
MSHR contents

In Dram Latency Queue (total = 0): 
DRAM[12]: 16 bks, busW=2 BL=16 CL=24, tRRD=12 tCCD=4, tRCD=24 tRAS=55 tRP=24 tRC=78
n_cmd=36223 n_nop=35917 n_act=8 n_pre=2 n_ref_event=0 n_req=296 n_rd=296 n_rd_L2_A=0 n_write=0 n_wr_bk=0 bw_util=0.03269
n_activity=2035 dram_eff=0.5818
bk0: 0a 36218i bk1: 0a 36220i bk2: 0a 36220i bk3: 0a 36221i bk4: 0a 36222i bk5: 0a 36222i bk6: 0a 36224i bk7: 0a 36224i bk8: 0a 36225i bk9: 0a 36225i bk10: 64a 36034i bk11: 64a 36064i bk12: 64a 35978i bk13: 64a 35855i bk14: 20a 36067i bk15: 20a 36007i 

------------------------------------------------------------------------

Row_Buffer_Locality = 0.972973
Row_Buffer_Locality_read = 0.972973
Row_Buffer_Locality_write = -nan
Bank_Level_Parallism = 1.347107
Bank_Level_Parallism_Col = 1.333898
Bank_Level_Parallism_Ready = 1.165541
write_to_read_ratio_blp_rw_average = 0.000000
GrpLevelPara = 1.331356 

BW Util details:
bwutil = 0.032686 
total_CMD = 36223 
util_bw = 1184 
Wasted_Col = 286 
Wasted_Row = 24 
Idle = 34729 

BW Util Bottlenecks: 
RCDc_limit = 171 
RCDWRc_limit = 0 
WTRc_limit = 0 
RTWc_limit = 0 
CCDLc_limit = 131 
rwq = 0 
CCDLc_limit_alone = 131 
WTRc_limit_alone = 0 
RTWc_limit_alone = 0 

Commands details: 
total_CMD = 36223 
n_nop = 35917 
Read = 296 
Write = 0 
L2_Alloc = 0 
L2_WB = 0 
n_act = 8 
n_pre = 2 
n_ref = 0 
n_req = 296 
total_req = 296 

Dual Bus Interface Util: 
issued_total_row = 10 
issued_total_col = 296 
Row_Bus_Util =  0.000276 
CoL_Bus_Util = 0.008172 
Either_Row_CoL_Bus_Util = 0.008448 
Issued_on_Two_Bus_Simul_Util = 0.000000 
issued_two_Eff = 0.000000 
queue_avg = 0.048781 


dram_util_bins: 0 0 0 0 0 0 0 0 0 0
dram_eff_bins: 0 0 0 0 0 0 0 0 0 0
mrqq: max=7 avg=0.0487812
Memory Partition 13: 
Cache L2_bank_026:
MSHR contents

Cache L2_bank_027:
MSHR contents

In Dram Latency Queue (total = 0): 
DRAM[13]: 16 bks, busW=2 BL=16 CL=24, tRRD=12 tCCD=4, tRCD=24 tRAS=55 tRP=24 tRC=78
n_cmd=36223 n_nop=35917 n_act=8 n_pre=2 n_ref_event=0 n_req=296 n_rd=296 n_rd_L2_A=0 n_write=0 n_wr_bk=0 bw_util=0.03269
n_activity=1963 dram_eff=0.6032
bk0: 0a 36218i bk1: 0a 36221i bk2: 0a 36221i bk3: 0a 36221i bk4: 0a 36222i bk5: 0a 36223i bk6: 0a 36224i bk7: 0a 36225i bk8: 0a 36225i bk9: 0a 36225i bk10: 64a 36047i bk11: 64a 36012i bk12: 64a 35980i bk13: 64a 35906i bk14: 20a 36071i bk15: 20a 36078i 

------------------------------------------------------------------------

Row_Buffer_Locality = 0.972973
Row_Buffer_Locality_read = 0.972973
Row_Buffer_Locality_write = -nan
Bank_Level_Parallism = 1.378693
Bank_Level_Parallism_Col = 1.357537
Bank_Level_Parallism_Ready = 1.121622
write_to_read_ratio_blp_rw_average = 0.000000
GrpLevelPara = 1.354779 

BW Util details:
bwutil = 0.032686 
total_CMD = 36223 
util_bw = 1184 
Wasted_Col = 227 
Wasted_Row = 24 
Idle = 34788 

BW Util Bottlenecks: 
RCDc_limit = 154 
RCDWRc_limit = 0 
WTRc_limit = 0 
RTWc_limit = 0 
CCDLc_limit = 110 
rwq = 0 
CCDLc_limit_alone = 110 
WTRc_limit_alone = 0 
RTWc_limit_alone = 0 

Commands details: 
total_CMD = 36223 
n_nop = 35917 
Read = 296 
Write = 0 
L2_Alloc = 0 
L2_WB = 0 
n_act = 8 
n_pre = 2 
n_ref = 0 
n_req = 296 
total_req = 296 

Dual Bus Interface Util: 
issued_total_row = 10 
issued_total_col = 296 
Row_Bus_Util =  0.000276 
CoL_Bus_Util = 0.008172 
Either_Row_CoL_Bus_Util = 0.008448 
Issued_on_Two_Bus_Simul_Util = 0.000000 
issued_two_Eff = 0.000000 
queue_avg = 0.040057 


dram_util_bins: 0 0 0 0 0 0 0 0 0 0
dram_eff_bins: 0 0 0 0 0 0 0 0 0 0
mrqq: max=7 avg=0.0400574
Memory Partition 14: 
Cache L2_bank_028:
MSHR contents

Cache L2_bank_029:
MSHR contents

In Dram Latency Queue (total = 0): 
DRAM[14]: 16 bks, busW=2 BL=16 CL=24, tRRD=12 tCCD=4, tRCD=24 tRAS=55 tRP=24 tRC=78
n_cmd=36223 n_nop=35917 n_act=8 n_pre=2 n_ref_event=0 n_req=296 n_rd=296 n_rd_L2_A=0 n_write=0 n_wr_bk=0 bw_util=0.03269
n_activity=1812 dram_eff=0.6534
bk0: 0a 36214i bk1: 0a 36216i bk2: 0a 36219i bk3: 0a 36220i bk4: 0a 36223i bk5: 0a 36223i bk6: 0a 36224i bk7: 0a 36225i bk8: 0a 36226i bk9: 0a 36226i bk10: 64a 35813i bk11: 64a 35750i bk12: 64a 35676i bk13: 64a 35464i bk14: 20a 36092i bk15: 20a 36063i 

------------------------------------------------------------------------

Row_Buffer_Locality = 0.972973
Row_Buffer_Locality_read = 0.972973
Row_Buffer_Locality_write = -nan
Bank_Level_Parallism = 2.156832
Bank_Level_Parallism_Col = 2.153481
Bank_Level_Parallism_Ready = 1.739865
write_to_read_ratio_blp_rw_average = 0.000000
GrpLevelPara = 2.152690 

BW Util details:
bwutil = 0.032686 
total_CMD = 36223 
util_bw = 1184 
Wasted_Col = 239 
Wasted_Row = 10 
Idle = 34790 

BW Util Bottlenecks: 
RCDc_limit = 152 
RCDWRc_limit = 0 
WTRc_limit = 0 
RTWc_limit = 0 
CCDLc_limit = 89 
rwq = 0 
CCDLc_limit_alone = 89 
WTRc_limit_alone = 0 
RTWc_limit_alone = 0 

Commands details: 
total_CMD = 36223 
n_nop = 35917 
Read = 296 
Write = 0 
L2_Alloc = 0 
L2_WB = 0 
n_act = 8 
n_pre = 2 
n_ref = 0 
n_req = 296 
total_req = 296 

Dual Bus Interface Util: 
issued_total_row = 10 
issued_total_col = 296 
Row_Bus_Util =  0.000276 
CoL_Bus_Util = 0.008172 
Either_Row_CoL_Bus_Util = 0.008448 
Issued_on_Two_Bus_Simul_Util = 0.000000 
issued_two_Eff = 0.000000 
queue_avg = 0.461143 


dram_util_bins: 0 0 0 0 0 0 0 0 0 0
dram_eff_bins: 0 0 0 0 0 0 0 0 0 0
mrqq: max=39 avg=0.461143
Memory Partition 15: 
Cache L2_bank_030:
MSHR contents

Cache L2_bank_031:
MSHR contents

In Dram Latency Queue (total = 0): 
DRAM[15]: 16 bks, busW=2 BL=16 CL=24, tRRD=12 tCCD=4, tRCD=24 tRAS=55 tRP=24 tRC=78
n_cmd=36223 n_nop=35917 n_act=8 n_pre=2 n_ref_event=0 n_req=296 n_rd=296 n_rd_L2_A=0 n_write=0 n_wr_bk=0 bw_util=0.03269
n_activity=2060 dram_eff=0.5748
bk0: 0a 36216i bk1: 0a 36219i bk2: 0a 36219i bk3: 0a 36222i bk4: 0a 36223i bk5: 0a 36223i bk6: 0a 36223i bk7: 0a 36223i bk8: 0a 36224i bk9: 0a 36226i bk10: 64a 35845i bk11: 64a 35855i bk12: 64a 35936i bk13: 64a 35521i bk14: 20a 36049i bk15: 20a 36082i 

------------------------------------------------------------------------

Row_Buffer_Locality = 0.972973
Row_Buffer_Locality_read = 0.972973
Row_Buffer_Locality_write = -nan
Bank_Level_Parallism = 1.920687
Bank_Level_Parallism_Col = 1.922045
Bank_Level_Parallism_Ready = 1.530405
write_to_read_ratio_blp_rw_average = 0.000000
GrpLevelPara = 1.881811 

BW Util details:
bwutil = 0.032686 
total_CMD = 36223 
util_bw = 1184 
Wasted_Col = 245 
Wasted_Row = 24 
Idle = 34770 

BW Util Bottlenecks: 
RCDc_limit = 172 
RCDWRc_limit = 0 
WTRc_limit = 0 
RTWc_limit = 0 
CCDLc_limit = 85 
rwq = 0 
CCDLc_limit_alone = 85 
WTRc_limit_alone = 0 
RTWc_limit_alone = 0 

Commands details: 
total_CMD = 36223 
n_nop = 35917 
Read = 296 
Write = 0 
L2_Alloc = 0 
L2_WB = 0 
n_act = 8 
n_pre = 2 
n_ref = 0 
n_req = 296 
total_req = 296 

Dual Bus Interface Util: 
issued_total_row = 10 
issued_total_col = 296 
Row_Bus_Util =  0.000276 
CoL_Bus_Util = 0.008172 
Either_Row_CoL_Bus_Util = 0.008448 
Issued_on_Two_Bus_Simul_Util = 0.000000 
issued_two_Eff = 0.000000 
queue_avg = 0.149822 


dram_util_bins: 0 0 0 0 0 0 0 0 0 0
dram_eff_bins: 0 0 0 0 0 0 0 0 0 0
mrqq: max=12 avg=0.149822
Memory Partition 16: 
Cache L2_bank_032:
MSHR contents

Cache L2_bank_033:
MSHR contents

In Dram Latency Queue (total = 0): 
DRAM[16]: 16 bks, busW=2 BL=16 CL=24, tRRD=12 tCCD=4, tRCD=24 tRAS=55 tRP=24 tRC=78
n_cmd=36223 n_nop=35926 n_act=14 n_pre=4 n_ref_event=0 n_req=280 n_rd=280 n_rd_L2_A=0 n_write=0 n_wr_bk=0 bw_util=0.03092
n_activity=2462 dram_eff=0.4549
bk0: 28a 35994i bk1: 28a 36006i bk2: 0a 36215i bk3: 0a 36217i bk4: 0a 36223i bk5: 0a 36224i bk6: 0a 36224i bk7: 0a 36225i bk8: 12a 36196i bk9: 12a 36195i bk10: 16a 36178i bk11: 16a 36152i bk12: 16a 36178i bk13: 16a 36158i bk14: 68a 35846i bk15: 68a 35899i 

------------------------------------------------------------------------

Row_Buffer_Locality = 0.950000
Row_Buffer_Locality_read = 0.950000
Row_Buffer_Locality_write = -nan
Bank_Level_Parallism = 1.503527
Bank_Level_Parallism_Col = 1.419875
Bank_Level_Parallism_Ready = 1.234875
write_to_read_ratio_blp_rw_average = 0.000000
GrpLevelPara = 1.410027 

BW Util details:
bwutil = 0.030920 
total_CMD = 36223 
util_bw = 1120 
Wasted_Col = 344 
Wasted_Row = 4 
Idle = 34755 

BW Util Bottlenecks: 
RCDc_limit = 271 
RCDWRc_limit = 0 
WTRc_limit = 0 
RTWc_limit = 0 
CCDLc_limit = 86 
rwq = 0 
CCDLc_limit_alone = 86 
WTRc_limit_alone = 0 
RTWc_limit_alone = 0 

Commands details: 
total_CMD = 36223 
n_nop = 35926 
Read = 280 
Write = 0 
L2_Alloc = 0 
L2_WB = 0 
n_act = 14 
n_pre = 4 
n_ref = 0 
n_req = 280 
total_req = 280 

Dual Bus Interface Util: 
issued_total_row = 18 
issued_total_col = 280 
Row_Bus_Util =  0.000497 
CoL_Bus_Util = 0.007730 
Either_Row_CoL_Bus_Util = 0.008199 
Issued_on_Two_Bus_Simul_Util = 0.000028 
issued_two_Eff = 0.003367 
queue_avg = 0.053253 


dram_util_bins: 0 0 0 0 0 0 0 0 0 0
dram_eff_bins: 0 0 0 0 0 0 0 0 0 0
mrqq: max=10 avg=0.0532535
Memory Partition 17: 
Cache L2_bank_034:
MSHR contents

Cache L2_bank_035:
MSHR contents

In Dram Latency Queue (total = 0): 
DRAM[17]: 16 bks, busW=2 BL=16 CL=24, tRRD=12 tCCD=4, tRCD=24 tRAS=55 tRP=24 tRC=78
n_cmd=36223 n_nop=35925 n_act=14 n_pre=4 n_ref_event=0 n_req=280 n_rd=280 n_rd_L2_A=0 n_write=0 n_wr_bk=0 bw_util=0.03092
n_activity=2404 dram_eff=0.4659
bk0: 28a 36072i bk1: 28a 36040i bk2: 0a 36219i bk3: 0a 36220i bk4: 0a 36223i bk5: 0a 36224i bk6: 0a 36224i bk7: 0a 36225i bk8: 12a 36193i bk9: 12a 36195i bk10: 16a 36134i bk11: 16a 36145i bk12: 16a 36176i bk13: 16a 36153i bk14: 68a 35882i bk15: 68a 35886i 

------------------------------------------------------------------------

Row_Buffer_Locality = 0.950000
Row_Buffer_Locality_read = 0.950000
Row_Buffer_Locality_write = -nan
Bank_Level_Parallism = 1.446922
Bank_Level_Parallism_Col = 1.418095
Bank_Level_Parallism_Ready = 1.228571
write_to_read_ratio_blp_rw_average = 0.000000
GrpLevelPara = 1.400952 

BW Util details:
bwutil = 0.030920 
total_CMD = 36223 
util_bw = 1120 
Wasted_Col = 315 
Wasted_Row = 54 
Idle = 34734 

BW Util Bottlenecks: 
RCDc_limit = 268 
RCDWRc_limit = 0 
WTRc_limit = 0 
RTWc_limit = 0 
CCDLc_limit = 88 
rwq = 0 
CCDLc_limit_alone = 88 
WTRc_limit_alone = 0 
RTWc_limit_alone = 0 

Commands details: 
total_CMD = 36223 
n_nop = 35925 
Read = 280 
Write = 0 
L2_Alloc = 0 
L2_WB = 0 
n_act = 14 
n_pre = 4 
n_ref = 0 
n_req = 280 
total_req = 280 

Dual Bus Interface Util: 
issued_total_row = 18 
issued_total_col = 280 
Row_Bus_Util =  0.000497 
CoL_Bus_Util = 0.007730 
Either_Row_CoL_Bus_Util = 0.008227 
Issued_on_Two_Bus_Simul_Util = 0.000000 
issued_two_Eff = 0.000000 
queue_avg = 0.026337 


dram_util_bins: 0 0 0 0 0 0 0 0 0 0
dram_eff_bins: 0 0 0 0 0 0 0 0 0 0
mrqq: max=6 avg=0.0263369
Memory Partition 18: 
Cache L2_bank_036:
MSHR contents

Cache L2_bank_037:
MSHR contents

In Dram Latency Queue (total = 0): 
DRAM[18]: 16 bks, busW=2 BL=16 CL=24, tRRD=12 tCCD=4, tRCD=24 tRAS=55 tRP=24 tRC=78
n_cmd=36223 n_nop=35929 n_act=12 n_pre=2 n_ref_event=0 n_req=280 n_rd=280 n_rd_L2_A=0 n_write=0 n_wr_bk=0 bw_util=0.03092
n_activity=2316 dram_eff=0.4836
bk0: 28a 36078i bk1: 28a 36102i bk2: 0a 36216i bk3: 0a 36221i bk4: 0a 36222i bk5: 0a 36223i bk6: 0a 36225i bk7: 0a 36226i bk8: 12a 36201i bk9: 12a 36201i bk10: 16a 36136i bk11: 16a 36141i bk12: 16a 36162i bk13: 16a 36180i bk14: 68a 35974i bk15: 68a 35957i 

------------------------------------------------------------------------

Row_Buffer_Locality = 0.957143
Row_Buffer_Locality_read = 0.957143
Row_Buffer_Locality_write = -nan
Bank_Level_Parallism = 1.186851
Bank_Level_Parallism_Col = 1.193813
Bank_Level_Parallism_Ready = 1.089286
write_to_read_ratio_blp_rw_average = 0.000000
GrpLevelPara = 1.191083 

BW Util details:
bwutil = 0.030920 
total_CMD = 36223 
util_bw = 1120 
Wasted_Col = 339 
Wasted_Row = 48 
Idle = 34716 

BW Util Bottlenecks: 
RCDc_limit = 256 
RCDWRc_limit = 0 
WTRc_limit = 0 
RTWc_limit = 0 
CCDLc_limit = 111 
rwq = 0 
CCDLc_limit_alone = 111 
WTRc_limit_alone = 0 
RTWc_limit_alone = 0 

Commands details: 
total_CMD = 36223 
n_nop = 35929 
Read = 280 
Write = 0 
L2_Alloc = 0 
L2_WB = 0 
n_act = 12 
n_pre = 2 
n_ref = 0 
n_req = 280 
total_req = 280 

Dual Bus Interface Util: 
issued_total_row = 14 
issued_total_col = 280 
Row_Bus_Util =  0.000386 
CoL_Bus_Util = 0.007730 
Either_Row_CoL_Bus_Util = 0.008116 
Issued_on_Two_Bus_Simul_Util = 0.000000 
issued_two_Eff = 0.000000 
queue_avg = 0.028048 


dram_util_bins: 0 0 0 0 0 0 0 0 0 0
dram_eff_bins: 0 0 0 0 0 0 0 0 0 0
mrqq: max=6 avg=0.0280485
Memory Partition 19: 
Cache L2_bank_038:
MSHR contents

Cache L2_bank_039:
MSHR contents

In Dram Latency Queue (total = 0): 
DRAM[19]: 16 bks, busW=2 BL=16 CL=24, tRRD=12 tCCD=4, tRCD=24 tRAS=55 tRP=24 tRC=78
n_cmd=36223 n_nop=35929 n_act=12 n_pre=2 n_ref_event=0 n_req=280 n_rd=280 n_rd_L2_A=0 n_write=0 n_wr_bk=0 bw_util=0.03092
n_activity=2428 dram_eff=0.4613
bk0: 28a 36132i bk1: 28a 36091i bk2: 0a 36219i bk3: 0a 36220i bk4: 0a 36221i bk5: 0a 36224i bk6: 0a 36225i bk7: 0a 36225i bk8: 12a 36200i bk9: 12a 36197i bk10: 16a 36183i bk11: 16a 36157i bk12: 16a 36154i bk13: 16a 36162i bk14: 68a 36063i bk15: 68a 35971i 

------------------------------------------------------------------------

Row_Buffer_Locality = 0.957143
Row_Buffer_Locality_read = 0.957143
Row_Buffer_Locality_write = -nan
Bank_Level_Parallism = 1.192807
Bank_Level_Parallism_Col = 1.198732
Bank_Level_Parallism_Ready = 1.078571
write_to_read_ratio_blp_rw_average = 0.000000
GrpLevelPara = 1.176533 

BW Util details:
bwutil = 0.030920 
total_CMD = 36223 
util_bw = 1120 
Wasted_Col = 313 
Wasted_Row = 43 
Idle = 34747 

BW Util Bottlenecks: 
RCDc_limit = 213 
RCDWRc_limit = 0 
WTRc_limit = 0 
RTWc_limit = 0 
CCDLc_limit = 120 
rwq = 0 
CCDLc_limit_alone = 120 
WTRc_limit_alone = 0 
RTWc_limit_alone = 0 

Commands details: 
total_CMD = 36223 
n_nop = 35929 
Read = 280 
Write = 0 
L2_Alloc = 0 
L2_WB = 0 
n_act = 12 
n_pre = 2 
n_ref = 0 
n_req = 280 
total_req = 280 

Dual Bus Interface Util: 
issued_total_row = 14 
issued_total_col = 280 
Row_Bus_Util =  0.000386 
CoL_Bus_Util = 0.007730 
Either_Row_CoL_Bus_Util = 0.008116 
Issued_on_Two_Bus_Simul_Util = 0.000000 
issued_two_Eff = 0.000000 
queue_avg = 0.016067 


dram_util_bins: 0 0 0 0 0 0 0 0 0 0
dram_eff_bins: 0 0 0 0 0 0 0 0 0 0
mrqq: max=4 avg=0.0160671

========= L2 cache stats =========
L2_cache_bank[0]: Access = 954, Miss = 310, Miss_rate = 0.325, Pending_hits = 117, Reservation_fails = 0
L2_cache_bank[1]: Access = 967, Miss = 312, Miss_rate = 0.323, Pending_hits = 100, Reservation_fails = 0
L2_cache_bank[2]: Access = 689, Miss = 308, Miss_rate = 0.447, Pending_hits = 13, Reservation_fails = 0
L2_cache_bank[3]: Access = 693, Miss = 308, Miss_rate = 0.444, Pending_hits = 14, Reservation_fails = 0
L2_cache_bank[4]: Access = 695, Miss = 308, Miss_rate = 0.443, Pending_hits = 17, Reservation_fails = 0
L2_cache_bank[5]: Access = 691, Miss = 308, Miss_rate = 0.446, Pending_hits = 14, Reservation_fails = 0
L2_cache_bank[6]: Access = 697, Miss = 308, Miss_rate = 0.442, Pending_hits = 14, Reservation_fails = 0
L2_cache_bank[7]: Access = 960, Miss = 312, Miss_rate = 0.325, Pending_hits = 223, Reservation_fails = 0
L2_cache_bank[8]: Access = 715, Miss = 317, Miss_rate = 0.443, Pending_hits = 19, Reservation_fails = 0
L2_cache_bank[9]: Access = 721, Miss = 319, Miss_rate = 0.442, Pending_hits = 20, Reservation_fails = 0
L2_cache_bank[10]: Access = 708, Miss = 316, Miss_rate = 0.446, Pending_hits = 21, Reservation_fails = 0
L2_cache_bank[11]: Access = 716, Miss = 316, Miss_rate = 0.441, Pending_hits = 24, Reservation_fails = 0
L2_cache_bank[12]: Access = 730, Miss = 320, Miss_rate = 0.438, Pending_hits = 22, Reservation_fails = 0
L2_cache_bank[13]: Access = 724, Miss = 320, Miss_rate = 0.442, Pending_hits = 20, Reservation_fails = 0
L2_cache_bank[14]: Access = 731, Miss = 320, Miss_rate = 0.438, Pending_hits = 24, Reservation_fails = 0
L2_cache_bank[15]: Access = 732, Miss = 320, Miss_rate = 0.437, Pending_hits = 25, Reservation_fails = 0
L2_cache_bank[16]: Access = 928, Miss = 296, Miss_rate = 0.319, Pending_hits = 278, Reservation_fails = 0
L2_cache_bank[17]: Access = 1202, Miss = 300, Miss_rate = 0.250, Pending_hits = 353, Reservation_fails = 0
L2_cache_bank[18]: Access = 660, Miss = 292, Miss_rate = 0.442, Pending_hits = 15, Reservation_fails = 0
L2_cache_bank[19]: Access = 654, Miss = 292, Miss_rate = 0.446, Pending_hits = 11, Reservation_fails = 0
L2_cache_bank[20]: Access = 927, Miss = 296, Miss_rate = 0.319, Pending_hits = 278, Reservation_fails = 0
L2_cache_bank[21]: Access = 933, Miss = 296, Miss_rate = 0.317, Pending_hits = 280, Reservation_fails = 0
L2_cache_bank[22]: Access = 928, Miss = 296, Miss_rate = 0.319, Pending_hits = 276, Reservation_fails = 0
L2_cache_bank[23]: Access = 933, Miss = 296, Miss_rate = 0.317, Pending_hits = 277, Reservation_fails = 0
L2_cache_bank[24]: Access = 626, Miss = 156, Miss_rate = 0.249, Pending_hits = 271, Reservation_fails = 0
L2_cache_bank[25]: Access = 623, Miss = 156, Miss_rate = 0.250, Pending_hits = 215, Reservation_fails = 0
L2_cache_bank[26]: Access = 621, Miss = 156, Miss_rate = 0.251, Pending_hits = 268, Reservation_fails = 0
L2_cache_bank[27]: Access = 617, Miss = 156, Miss_rate = 0.253, Pending_hits = 268, Reservation_fails = 0
L2_cache_bank[28]: Access = 604, Miss = 152, Miss_rate = 0.252, Pending_hits = 116, Reservation_fails = 0
L2_cache_bank[29]: Access = 608, Miss = 152, Miss_rate = 0.250, Pending_hits = 124, Reservation_fails = 0
L2_cache_bank[30]: Access = 601, Miss = 152, Miss_rate = 0.253, Pending_hits = 111, Reservation_fails = 0
L2_cache_bank[31]: Access = 605, Miss = 152, Miss_rate = 0.251, Pending_hits = 121, Reservation_fails = 0
L2_cache_bank[32]: Access = 612, Miss = 152, Miss_rate = 0.248, Pending_hits = 170, Reservation_fails = 0
L2_cache_bank[33]: Access = 611, Miss = 152, Miss_rate = 0.249, Pending_hits = 151, Reservation_fails = 0
L2_cache_bank[34]: Access = 613, Miss = 152, Miss_rate = 0.248, Pending_hits = 122, Reservation_fails = 0
L2_cache_bank[35]: Access = 613, Miss = 152, Miss_rate = 0.248, Pending_hits = 135, Reservation_fails = 0
L2_cache_bank[36]: Access = 611, Miss = 152, Miss_rate = 0.249, Pending_hits = 164, Reservation_fails = 0
L2_cache_bank[37]: Access = 610, Miss = 152, Miss_rate = 0.249, Pending_hits = 125, Reservation_fails = 0
L2_cache_bank[38]: Access = 611, Miss = 152, Miss_rate = 0.249, Pending_hits = 154, Reservation_fails = 0
L2_cache_bank[39]: Access = 614, Miss = 152, Miss_rate = 0.248, Pending_hits = 199, Reservation_fails = 0
L2_total_cache_accesses = 29088
L2_total_cache_misses = 9834
L2_total_cache_miss_rate = 0.3381
L2_total_cache_pending_hits = 5169
L2_total_cache_reservation_fails = 0
L2_total_cache_breakdown:
	L2_cache_stats_breakdown[GLOBAL_ACC_R][HIT] = 4
	L2_cache_stats_breakdown[GLOBAL_ACC_R][HIT_RESERVED] = 506
	L2_cache_stats_breakdown[GLOBAL_ACC_R][MISS] = 2306
	L2_cache_stats_breakdown[GLOBAL_ACC_R][RESERVATION_FAIL] = 0
	L2_cache_stats_breakdown[GLOBAL_ACC_R][SECTOR_MISS] = 6912
	L2_cache_stats_breakdown[GLOBAL_ACC_R][MSHR_HIT] = 506
	L2_cache_stats_breakdown[LOCAL_ACC_R][HIT] = 0
	L2_cache_stats_breakdown[LOCAL_ACC_R][HIT_RESERVED] = 0
	L2_cache_stats_breakdown[LOCAL_ACC_R][MISS] = 0
	L2_cache_stats_breakdown[LOCAL_ACC_R][RESERVATION_FAIL] = 0
	L2_cache_stats_breakdown[LOCAL_ACC_R][SECTOR_MISS] = 0
	L2_cache_stats_breakdown[LOCAL_ACC_R][MSHR_HIT] = 0
	L2_cache_stats_breakdown[CONST_ACC_R][HIT] = 252
	L2_cache_stats_breakdown[CONST_ACC_R][HIT_RESERVED] = 284
	L2_cache_stats_breakdown[CONST_ACC_R][MISS] = 2
	L2_cache_stats_breakdown[CONST_ACC_R][RESERVATION_FAIL] = 0
	L2_cache_stats_breakdown[CONST_ACC_R][SECTOR_MISS] = 6
	L2_cache_stats_breakdown[CONST_ACC_R][MSHR_HIT] = 284
	L2_cache_stats_breakdown[TEXTURE_ACC_R][HIT] = 0
	L2_cache_stats_breakdown[TEXTURE_ACC_R][HIT_RESERVED] = 0
	L2_cache_stats_breakdown[TEXTURE_ACC_R][MISS] = 0
	L2_cache_stats_breakdown[TEXTURE_ACC_R][RESERVATION_FAIL] = 0
	L2_cache_stats_breakdown[TEXTURE_ACC_R][SECTOR_MISS] = 0
	L2_cache_stats_breakdown[TEXTURE_ACC_R][MSHR_HIT] = 0
	L2_cache_stats_breakdown[GLOBAL_ACC_W][HIT] = 11776
	L2_cache_stats_breakdown[GLOBAL_ACC_W][HIT_RESERVED] = 0
	L2_cache_stats_breakdown[GLOBAL_ACC_W][MISS] = 128
	L2_cache_stats_breakdown[GLOBAL_ACC_W][RESERVATION_FAIL] = 0
	L2_cache_stats_breakdown[GLOBAL_ACC_W][SECTOR_MISS] = 384
	L2_cache_stats_breakdown[GLOBAL_ACC_W][MSHR_HIT] = 0
	L2_cache_stats_breakdown[LOCAL_ACC_W][HIT] = 0
	L2_cache_stats_breakdown[LOCAL_ACC_W][HIT_RESERVED] = 0
	L2_cache_stats_breakdown[LOCAL_ACC_W][MISS] = 0
	L2_cache_stats_breakdown[LOCAL_ACC_W][RESERVATION_FAIL] = 0
	L2_cache_stats_breakdown[LOCAL_ACC_W][SECTOR_MISS] = 0
	L2_cache_stats_breakdown[LOCAL_ACC_W][MSHR_HIT] = 0
	L2_cache_stats_breakdown[L1_WRBK_ACC][HIT] = 0
	L2_cache_stats_breakdown[L1_WRBK_ACC][HIT_RESERVED] = 0
	L2_cache_stats_breakdown[L1_WRBK_ACC][MISS] = 0
	L2_cache_stats_breakdown[L1_WRBK_ACC][RESERVATION_FAIL] = 0
	L2_cache_stats_breakdown[L1_WRBK_ACC][SECTOR_MISS] = 0
	L2_cache_stats_breakdown[L1_WRBK_ACC][MSHR_HIT] = 0
	L2_cache_stats_breakdown[L2_WRBK_ACC][HIT] = 0
	L2_cache_stats_breakdown[L2_WRBK_ACC][HIT_RESERVED] = 0
	L2_cache_stats_breakdown[L2_WRBK_ACC][MISS] = 0
	L2_cache_stats_breakdown[L2_WRBK_ACC][RESERVATION_FAIL] = 0
	L2_cache_stats_breakdown[L2_WRBK_ACC][SECTOR_MISS] = 0
	L2_cache_stats_breakdown[L2_WRBK_ACC][MSHR_HIT] = 0
	L2_cache_stats_breakdown[INST_ACC_R][HIT] = 2053
	L2_cache_stats_breakdown[INST_ACC_R][HIT_RESERVED] = 4379
	L2_cache_stats_breakdown[INST_ACC_R][MISS] = 24
	L2_cache_stats_breakdown[INST_ACC_R][RESERVATION_FAIL] = 0
	L2_cache_stats_breakdown[INST_ACC_R][SECTOR_MISS] = 72
	L2_cache_stats_breakdown[INST_ACC_R][MSHR_HIT] = 4379
	L2_cache_stats_breakdown[L1_WR_ALLOC_R][HIT] = 0
	L2_cache_stats_breakdown[L1_WR_ALLOC_R][HIT_RESERVED] = 0
	L2_cache_stats_breakdown[L1_WR_ALLOC_R][MISS] = 0
	L2_cache_stats_breakdown[L1_WR_ALLOC_R][RESERVATION_FAIL] = 0
	L2_cache_stats_breakdown[L1_WR_ALLOC_R][SECTOR_MISS] = 0
	L2_cache_stats_breakdown[L1_WR_ALLOC_R][MSHR_HIT] = 0
	L2_cache_stats_breakdown[L2_WR_ALLOC_R][HIT] = 0
	L2_cache_stats_breakdown[L2_WR_ALLOC_R][HIT_RESERVED] = 0
	L2_cache_stats_breakdown[L2_WR_ALLOC_R][MISS] = 0
	L2_cache_stats_breakdown[L2_WR_ALLOC_R][RESERVATION_FAIL] = 0
	L2_cache_stats_breakdown[L2_WR_ALLOC_R][SECTOR_MISS] = 0
	L2_cache_stats_breakdown[L2_WR_ALLOC_R][MSHR_HIT] = 0
	L2_cache_stats_breakdown[GRID_BARRIER_ACC][HIT] = 0
	L2_cache_stats_breakdown[GRID_BARRIER_ACC][HIT_RESERVED] = 0
	L2_cache_stats_breakdown[GRID_BARRIER_ACC][MISS] = 0
	L2_cache_stats_breakdown[GRID_BARRIER_ACC][RESERVATION_FAIL] = 0
	L2_cache_stats_breakdown[GRID_BARRIER_ACC][SECTOR_MISS] = 0
	L2_cache_stats_breakdown[GRID_BARRIER_ACC][MSHR_HIT] = 0
	L2_cache_stats_breakdown[TLB_MISS_ACC_DATA][HIT] = 0
	L2_cache_stats_breakdown[TLB_MISS_ACC_DATA][HIT_RESERVED] = 0
	L2_cache_stats_breakdown[TLB_MISS_ACC_DATA][MISS] = 0
	L2_cache_stats_breakdown[TLB_MISS_ACC_DATA][RESERVATION_FAIL] = 0
	L2_cache_stats_breakdown[TLB_MISS_ACC_DATA][SECTOR_MISS] = 0
	L2_cache_stats_breakdown[TLB_MISS_ACC_DATA][MSHR_HIT] = 0
	L2_cache_stats_breakdown[TLB_MISS_ACC_INST][HIT] = 0
	L2_cache_stats_breakdown[TLB_MISS_ACC_INST][HIT_RESERVED] = 0
	L2_cache_stats_breakdown[TLB_MISS_ACC_INST][MISS] = 0
	L2_cache_stats_breakdown[TLB_MISS_ACC_INST][RESERVATION_FAIL] = 0
	L2_cache_stats_breakdown[TLB_MISS_ACC_INST][SECTOR_MISS] = 0
	L2_cache_stats_breakdown[TLB_MISS_ACC_INST][MSHR_HIT] = 0
	L2_cache_stats_breakdown[GLOBAL_ACC_R][TOTAL_ACCESS] = 9728
	L2_cache_stats_breakdown[CONST_ACC_R][TOTAL_ACCESS] = 544
	L2_cache_stats_breakdown[GLOBAL_ACC_W][TOTAL_ACCESS] = 12288
	L2_cache_stats_breakdown[INST_ACC_R][TOTAL_ACCESS] = 6528
L2_total_cache_reservation_fail_breakdown:
L2_cache_data_port_util = 0.054
L2_cache_fill_port_util = 0.036

icnt_total_pkts_mem_to_simt=29088
icnt_total_pkts_simt_to_mem=23784
LD_mem_lat_dist  0 0 0 0 0 0 0 0 0 0 0 0 0 0 0 0 0 0 0 0 0 0 0 0 0 0 0 0
ST_mem_lat_dist  0 0 0 0 0 0 0 0 0 0 0 0 0 0 0 0 0 0 0 0 0 0 0 0 0 0 0 0
----------------------------Interconnect-DETAILS--------------------------------
Req_Network_injected_packets_num = 23784
Req_Network_cycles = 6521
Req_Network_injected_packets_per_cycle =       3.6473 
Req_Network_conflicts_per_cycle =       2.2889
Req_Network_conflicts_per_cycle_util =       5.4754
Req_Bank_Level_Parallism =       8.7249
Req_Network_in_buffer_full_per_cycle =       0.0000
Req_Network_in_buffer_avg_util =       0.5390
Req_Network_out_buffer_full_per_cycle =       0.0000
Req_Network_out_buffer_avg_util =       0.0890

Reply_Network_injected_packets_num = 29088
Reply_Network_cycles = 6521
Reply_Network_injected_packets_per_cycle =        4.4607
Reply_Network_conflicts_per_cycle =        0.9523
Reply_Network_conflicts_per_cycle_util =       1.8131
Reply_Bank_Level_Parallism =       8.4928
Reply_Network_in_buffer_full_per_cycle =       0.0000
Reply_Network_in_buffer_avg_util =       0.6844
Reply_Network_out_buffer_full_per_cycle =       0.0000
Reply_Network_out_buffer_avg_util =       0.0656
----------------------------END-of-Interconnect-DETAILS-------------------------


gpgpu_simulation_time = 0 days, 0 hrs, 0 min, 4 sec (4 sec)
gpgpu_simulation_rate = 1473536 (inst/sec)
gpgpu_simulation_rate = 1630 (cycle/sec)
gpgpu_silicon_slowdown = 1049079x
launching memcpy command : MemcpyHtoD,0x00007e8cce54c600,68,deviceid-0,streamid-0
launching memcpy command : MemcpyHtoD,0x00007e8cce54c800,278596,deviceid-0,streamid-0
launching memcpy command : MemcpyHtoD,0x00007e8cce404400,278596,deviceid-0,streamid-0
Processing kernel kernel-2.trace,deviceid-0,streamid-0
Header info loaded for kernel command : kernel-2.trace,deviceid-0,streamid-0
launching kernel name: _Z24bpnn_adjust_weights_cudaPfiS_iS_S____0 uid: 2
GPGPU-Sim uArch: Shader 52 bind to kernel 2 '_Z24bpnn_adjust_weights_cudaPfiS_iS_S____0'
GPGPU-Sim: Reconfigure L1 cache to 128KB
thread block = 0,0,0
GPGPU-Sim uArch: Shader 53 bind to kernel 2 '_Z24bpnn_adjust_weights_cudaPfiS_iS_S____0'
thread block = 0,1,0
GPGPU-Sim uArch: Shader 54 bind to kernel 2 '_Z24bpnn_adjust_weights_cudaPfiS_iS_S____0'
thread block = 0,2,0
GPGPU-Sim uArch: Shader 55 bind to kernel 2 '_Z24bpnn_adjust_weights_cudaPfiS_iS_S____0'
thread block = 0,3,0
GPGPU-Sim uArch: Shader 56 bind to kernel 2 '_Z24bpnn_adjust_weights_cudaPfiS_iS_S____0'
thread block = 0,4,0
GPGPU-Sim uArch: Shader 57 bind to kernel 2 '_Z24bpnn_adjust_weights_cudaPfiS_iS_S____0'
thread block = 0,5,0
GPGPU-Sim uArch: Shader 58 bind to kernel 2 '_Z24bpnn_adjust_weights_cudaPfiS_iS_S____0'
thread block = 0,6,0
GPGPU-Sim uArch: Shader 59 bind to kernel 2 '_Z24bpnn_adjust_weights_cudaPfiS_iS_S____0'
thread block = 0,7,0
GPGPU-Sim uArch: Shader 60 bind to kernel 2 '_Z24bpnn_adjust_weights_cudaPfiS_iS_S____0'
thread block = 0,8,0
GPGPU-Sim uArch: Shader 61 bind to kernel 2 '_Z24bpnn_adjust_weights_cudaPfiS_iS_S____0'
thread block = 0,9,0
GPGPU-Sim uArch: Shader 62 bind to kernel 2 '_Z24bpnn_adjust_weights_cudaPfiS_iS_S____0'
thread block = 0,10,0
GPGPU-Sim uArch: Shader 63 bind to kernel 2 '_Z24bpnn_adjust_weights_cudaPfiS_iS_S____0'
thread block = 0,11,0
GPGPU-Sim uArch: Shader 64 bind to kernel 2 '_Z24bpnn_adjust_weights_cudaPfiS_iS_S____0'
thread block = 0,12,0
GPGPU-Sim uArch: Shader 65 bind to kernel 2 '_Z24bpnn_adjust_weights_cudaPfiS_iS_S____0'
thread block = 0,13,0
GPGPU-Sim uArch: Shader 66 bind to kernel 2 '_Z24bpnn_adjust_weights_cudaPfiS_iS_S____0'
thread block = 0,14,0
GPGPU-Sim uArch: Shader 67 bind to kernel 2 '_Z24bpnn_adjust_weights_cudaPfiS_iS_S____0'
thread block = 0,15,0
GPGPU-Sim uArch: Shader 0 bind to kernel 2 '_Z24bpnn_adjust_weights_cudaPfiS_iS_S____0'
thread block = 0,16,0
GPGPU-Sim uArch: Shader 1 bind to kernel 2 '_Z24bpnn_adjust_weights_cudaPfiS_iS_S____0'
thread block = 0,17,0
GPGPU-Sim uArch: Shader 2 bind to kernel 2 '_Z24bpnn_adjust_weights_cudaPfiS_iS_S____0'
thread block = 0,18,0
GPGPU-Sim uArch: Shader 3 bind to kernel 2 '_Z24bpnn_adjust_weights_cudaPfiS_iS_S____0'
thread block = 0,19,0
GPGPU-Sim uArch: Shader 4 bind to kernel 2 '_Z24bpnn_adjust_weights_cudaPfiS_iS_S____0'
thread block = 0,20,0
GPGPU-Sim uArch: Shader 5 bind to kernel 2 '_Z24bpnn_adjust_weights_cudaPfiS_iS_S____0'
thread block = 0,21,0
GPGPU-Sim uArch: Shader 6 bind to kernel 2 '_Z24bpnn_adjust_weights_cudaPfiS_iS_S____0'
thread block = 0,22,0
GPGPU-Sim uArch: Shader 7 bind to kernel 2 '_Z24bpnn_adjust_weights_cudaPfiS_iS_S____0'
thread block = 0,23,0
GPGPU-Sim uArch: Shader 8 bind to kernel 2 '_Z24bpnn_adjust_weights_cudaPfiS_iS_S____0'
thread block = 0,24,0
GPGPU-Sim uArch: Shader 9 bind to kernel 2 '_Z24bpnn_adjust_weights_cudaPfiS_iS_S____0'
thread block = 0,25,0
GPGPU-Sim uArch: Shader 10 bind to kernel 2 '_Z24bpnn_adjust_weights_cudaPfiS_iS_S____0'
thread block = 0,26,0
GPGPU-Sim uArch: Shader 11 bind to kernel 2 '_Z24bpnn_adjust_weights_cudaPfiS_iS_S____0'
thread block = 0,27,0
GPGPU-Sim uArch: Shader 12 bind to kernel 2 '_Z24bpnn_adjust_weights_cudaPfiS_iS_S____0'
thread block = 0,28,0
GPGPU-Sim uArch: Shader 13 bind to kernel 2 '_Z24bpnn_adjust_weights_cudaPfiS_iS_S____0'
thread block = 0,29,0
GPGPU-Sim uArch: Shader 14 bind to kernel 2 '_Z24bpnn_adjust_weights_cudaPfiS_iS_S____0'
thread block = 0,30,0
GPGPU-Sim uArch: Shader 15 bind to kernel 2 '_Z24bpnn_adjust_weights_cudaPfiS_iS_S____0'
thread block = 0,31,0
GPGPU-Sim uArch: Shader 16 bind to kernel 2 '_Z24bpnn_adjust_weights_cudaPfiS_iS_S____0'
thread block = 0,32,0
GPGPU-Sim uArch: Shader 17 bind to kernel 2 '_Z24bpnn_adjust_weights_cudaPfiS_iS_S____0'
thread block = 0,33,0
GPGPU-Sim uArch: Shader 18 bind to kernel 2 '_Z24bpnn_adjust_weights_cudaPfiS_iS_S____0'
thread block = 0,34,0
GPGPU-Sim uArch: Shader 19 bind to kernel 2 '_Z24bpnn_adjust_weights_cudaPfiS_iS_S____0'
thread block = 0,35,0
GPGPU-Sim uArch: Shader 20 bind to kernel 2 '_Z24bpnn_adjust_weights_cudaPfiS_iS_S____0'
thread block = 0,36,0
GPGPU-Sim uArch: Shader 21 bind to kernel 2 '_Z24bpnn_adjust_weights_cudaPfiS_iS_S____0'
thread block = 0,37,0
GPGPU-Sim uArch: Shader 22 bind to kernel 2 '_Z24bpnn_adjust_weights_cudaPfiS_iS_S____0'
thread block = 0,38,0
GPGPU-Sim uArch: Shader 23 bind to kernel 2 '_Z24bpnn_adjust_weights_cudaPfiS_iS_S____0'
thread block = 0,39,0
GPGPU-Sim uArch: Shader 24 bind to kernel 2 '_Z24bpnn_adjust_weights_cudaPfiS_iS_S____0'
thread block = 0,40,0
GPGPU-Sim uArch: Shader 25 bind to kernel 2 '_Z24bpnn_adjust_weights_cudaPfiS_iS_S____0'
thread block = 0,41,0
GPGPU-Sim uArch: Shader 26 bind to kernel 2 '_Z24bpnn_adjust_weights_cudaPfiS_iS_S____0'
thread block = 0,42,0
GPGPU-Sim uArch: Shader 27 bind to kernel 2 '_Z24bpnn_adjust_weights_cudaPfiS_iS_S____0'
thread block = 0,43,0
GPGPU-Sim uArch: Shader 28 bind to kernel 2 '_Z24bpnn_adjust_weights_cudaPfiS_iS_S____0'
thread block = 0,44,0
GPGPU-Sim uArch: Shader 29 bind to kernel 2 '_Z24bpnn_adjust_weights_cudaPfiS_iS_S____0'
thread block = 0,45,0
GPGPU-Sim uArch: Shader 30 bind to kernel 2 '_Z24bpnn_adjust_weights_cudaPfiS_iS_S____0'
thread block = 0,46,0
GPGPU-Sim uArch: Shader 31 bind to kernel 2 '_Z24bpnn_adjust_weights_cudaPfiS_iS_S____0'
thread block = 0,47,0
GPGPU-Sim uArch: Shader 32 bind to kernel 2 '_Z24bpnn_adjust_weights_cudaPfiS_iS_S____0'
thread block = 0,48,0
GPGPU-Sim uArch: Shader 33 bind to kernel 2 '_Z24bpnn_adjust_weights_cudaPfiS_iS_S____0'
thread block = 0,49,0
GPGPU-Sim uArch: Shader 34 bind to kernel 2 '_Z24bpnn_adjust_weights_cudaPfiS_iS_S____0'
thread block = 0,50,0
GPGPU-Sim uArch: Shader 35 bind to kernel 2 '_Z24bpnn_adjust_weights_cudaPfiS_iS_S____0'
thread block = 0,51,0
GPGPU-Sim uArch: Shader 36 bind to kernel 2 '_Z24bpnn_adjust_weights_cudaPfiS_iS_S____0'
thread block = 0,52,0
GPGPU-Sim uArch: Shader 37 bind to kernel 2 '_Z24bpnn_adjust_weights_cudaPfiS_iS_S____0'
thread block = 0,53,0
GPGPU-Sim uArch: Shader 38 bind to kernel 2 '_Z24bpnn_adjust_weights_cudaPfiS_iS_S____0'
thread block = 0,54,0
GPGPU-Sim uArch: Shader 39 bind to kernel 2 '_Z24bpnn_adjust_weights_cudaPfiS_iS_S____0'
thread block = 0,55,0
GPGPU-Sim uArch: Shader 40 bind to kernel 2 '_Z24bpnn_adjust_weights_cudaPfiS_iS_S____0'
thread block = 0,56,0
GPGPU-Sim uArch: Shader 41 bind to kernel 2 '_Z24bpnn_adjust_weights_cudaPfiS_iS_S____0'
thread block = 0,57,0
GPGPU-Sim uArch: Shader 42 bind to kernel 2 '_Z24bpnn_adjust_weights_cudaPfiS_iS_S____0'
thread block = 0,58,0
GPGPU-Sim uArch: Shader 43 bind to kernel 2 '_Z24bpnn_adjust_weights_cudaPfiS_iS_S____0'
thread block = 0,59,0
GPGPU-Sim uArch: Shader 44 bind to kernel 2 '_Z24bpnn_adjust_weights_cudaPfiS_iS_S____0'
thread block = 0,60,0
GPGPU-Sim uArch: Shader 45 bind to kernel 2 '_Z24bpnn_adjust_weights_cudaPfiS_iS_S____0'
thread block = 0,61,0
GPGPU-Sim uArch: Shader 46 bind to kernel 2 '_Z24bpnn_adjust_weights_cudaPfiS_iS_S____0'
thread block = 0,62,0
GPGPU-Sim uArch: Shader 47 bind to kernel 2 '_Z24bpnn_adjust_weights_cudaPfiS_iS_S____0'
thread block = 0,63,0
GPGPU-Sim uArch: Shader 48 bind to kernel 2 '_Z24bpnn_adjust_weights_cudaPfiS_iS_S____0'
thread block = 0,64,0
GPGPU-Sim uArch: Shader 49 bind to kernel 2 '_Z24bpnn_adjust_weights_cudaPfiS_iS_S____0'
thread block = 0,65,0
GPGPU-Sim uArch: Shader 50 bind to kernel 2 '_Z24bpnn_adjust_weights_cudaPfiS_iS_S____0'
thread block = 0,66,0
GPGPU-Sim uArch: Shader 51 bind to kernel 2 '_Z24bpnn_adjust_weights_cudaPfiS_iS_S____0'
thread block = 0,67,0
thread block = 0,68,0
thread block = 0,69,0
thread block = 0,70,0
thread block = 0,71,0
thread block = 0,72,0
thread block = 0,73,0
thread block = 0,74,0
thread block = 0,75,0
thread block = 0,76,0
thread block = 0,77,0
thread block = 0,78,0
thread block = 0,79,0
thread block = 0,80,0
thread block = 0,81,0
thread block = 0,82,0
thread block = 0,83,0
thread block = 0,84,0
thread block = 0,85,0
thread block = 0,86,0
thread block = 0,87,0
thread block = 0,88,0
thread block = 0,89,0
thread block = 0,90,0
thread block = 0,91,0
thread block = 0,92,0
thread block = 0,93,0
thread block = 0,94,0
thread block = 0,95,0
thread block = 0,96,0
thread block = 0,97,0
thread block = 0,98,0
thread block = 0,99,0
thread block = 0,100,0
thread block = 0,101,0
thread block = 0,102,0
thread block = 0,103,0
thread block = 0,104,0
thread block = 0,105,0
thread block = 0,106,0
thread block = 0,107,0
thread block = 0,108,0
thread block = 0,109,0
thread block = 0,110,0
thread block = 0,111,0
thread block = 0,112,0
thread block = 0,113,0
thread block = 0,114,0
thread block = 0,115,0
thread block = 0,116,0
thread block = 0,117,0
thread block = 0,118,0
thread block = 0,119,0
thread block = 0,120,0
thread block = 0,121,0
thread block = 0,122,0
thread block = 0,123,0
thread block = 0,124,0
thread block = 0,125,0
thread block = 0,126,0
thread block = 0,127,0
thread block = 0,128,0
thread block = 0,129,0
thread block = 0,130,0
thread block = 0,131,0
thread block = 0,132,0
thread block = 0,133,0
thread block = 0,134,0
thread block = 0,135,0
thread block = 0,136,0
thread block = 0,137,0
thread block = 0,138,0
thread block = 0,139,0
thread block = 0,140,0
thread block = 0,141,0
thread block = 0,142,0
thread block = 0,143,0
thread block = 0,144,0
thread block = 0,145,0
thread block = 0,146,0
thread block = 0,147,0
thread block = 0,148,0
thread block = 0,149,0
thread block = 0,150,0
thread block = 0,151,0
thread block = 0,152,0
thread block = 0,153,0
thread block = 0,154,0
thread block = 0,155,0
thread block = 0,156,0
thread block = 0,157,0
thread block = 0,158,0
thread block = 0,159,0
thread block = 0,160,0
thread block = 0,161,0
thread block = 0,162,0
thread block = 0,163,0
thread block = 0,164,0
thread block = 0,165,0
thread block = 0,166,0
thread block = 0,167,0
thread block = 0,168,0
thread block = 0,169,0
thread block = 0,170,0
thread block = 0,171,0
thread block = 0,172,0
thread block = 0,173,0
thread block = 0,174,0
thread block = 0,175,0
thread block = 0,176,0
thread block = 0,177,0
thread block = 0,178,0
thread block = 0,179,0
thread block = 0,180,0
thread block = 0,181,0
thread block = 0,182,0
thread block = 0,183,0
thread block = 0,184,0
thread block = 0,185,0
thread block = 0,186,0
thread block = 0,187,0
thread block = 0,188,0
thread block = 0,189,0
thread block = 0,190,0
thread block = 0,191,0
thread block = 0,192,0
thread block = 0,193,0
thread block = 0,194,0
thread block = 0,195,0
thread block = 0,196,0
thread block = 0,197,0
thread block = 0,198,0
thread block = 0,199,0
thread block = 0,200,0
thread block = 0,201,0
thread block = 0,202,0
thread block = 0,203,0
thread block = 0,204,0
thread block = 0,205,0
thread block = 0,206,0
thread block = 0,207,0
thread block = 0,208,0
thread block = 0,209,0
thread block = 0,210,0
thread block = 0,211,0
thread block = 0,212,0
thread block = 0,213,0
thread block = 0,214,0
thread block = 0,215,0
thread block = 0,216,0
thread block = 0,217,0
thread block = 0,218,0
thread block = 0,219,0
thread block = 0,220,0
thread block = 0,221,0
thread block = 0,222,0
thread block = 0,223,0
thread block = 0,224,0
thread block = 0,225,0
thread block = 0,226,0
thread block = 0,227,0
thread block = 0,228,0
thread block = 0,229,0
thread block = 0,230,0
thread block = 0,231,0
thread block = 0,232,0
thread block = 0,233,0
thread block = 0,234,0
thread block = 0,235,0
thread block = 0,236,0
thread block = 0,237,0
thread block = 0,238,0
thread block = 0,239,0
thread block = 0,240,0
thread block = 0,241,0
thread block = 0,242,0
thread block = 0,243,0
thread block = 0,244,0
thread block = 0,245,0
thread block = 0,246,0
thread block = 0,247,0
thread block = 0,248,0
thread block = 0,249,0
thread block = 0,250,0
thread block = 0,251,0
thread block = 0,252,0
thread block = 0,253,0
thread block = 0,254,0
thread block = 0,255,0
Destroy streams for kernel 2: size 0
kernel_name = _Z24bpnn_adjust_weights_cudaPfiS_iS_S____0 
kernel_launch_uid = 2 
gpu_sim_cycle = 12593
gpu_sim_insn = 2949472 
gpu_ipc =     234.2152
gpu_tot_sim_cycle = 19114
gpu_tot_sim_insn = 8843616
gpu_tot_ipc =     462.6774
gpu_tot_issued_cta = 512
gpu_occupancy = 60.3056% 
gpu_tot_occupancy = 59.5456% 
gpu_tot_sms_occupancy = 89.1768%
max_total_param_size = 0
gpu_stall_dramfull = 2638
gpu_stall_icnt2sh    = 0
partiton_level_parallism =       3.2085
partiton_level_parallism_total  =       3.3582
partiton_level_parallism_util =       6.0632
partiton_level_parallism_util_total  =       6.8359
L2_BW  =     188.8889 GB/Sec
L2_BW_total  =     207.7207 GB/Sec
gpu_total_sim_rate=884361

========= Core cache stats =========
L0I_cache:
	L0I_total_cache_accesses = 340141
	L0I_total_cache_misses = 8890
	L0I_total_cache_miss_rate = 0.0261
	L0I_total_cache_pending_hits = 0
	L0I_total_cache_reservation_fails = 424872
L1I_cache:
	L1I_total_cache_accesses = 11223
	L1I_total_cache_misses = 10631
	L1I_total_cache_miss_rate = 0.9473
	L1I_total_cache_pending_hits = 0
	L1I_total_cache_reservation_fails = 0
L1D_cache:
	L1D_cache_core[0]: Access = 1464, Miss = 455, Miss_rate = 0.311, Pending_hits = 209, Reservation_fails = 0
	L1D_cache_core[1]: Access = 1464, Miss = 455, Miss_rate = 0.311, Pending_hits = 209, Reservation_fails = 0
	L1D_cache_core[2]: Access = 1464, Miss = 455, Miss_rate = 0.311, Pending_hits = 209, Reservation_fails = 0
	L1D_cache_core[3]: Access = 1464, Miss = 455, Miss_rate = 0.311, Pending_hits = 209, Reservation_fails = 0
	L1D_cache_core[4]: Access = 1464, Miss = 455, Miss_rate = 0.311, Pending_hits = 209, Reservation_fails = 0
	L1D_cache_core[5]: Access = 1464, Miss = 455, Miss_rate = 0.311, Pending_hits = 209, Reservation_fails = 0
	L1D_cache_core[6]: Access = 1464, Miss = 455, Miss_rate = 0.311, Pending_hits = 209, Reservation_fails = 0
	L1D_cache_core[7]: Access = 1464, Miss = 455, Miss_rate = 0.311, Pending_hits = 209, Reservation_fails = 0
	L1D_cache_core[8]: Access = 1464, Miss = 455, Miss_rate = 0.311, Pending_hits = 209, Reservation_fails = 0
	L1D_cache_core[9]: Access = 1464, Miss = 455, Miss_rate = 0.311, Pending_hits = 209, Reservation_fails = 0
	L1D_cache_core[10]: Access = 1464, Miss = 455, Miss_rate = 0.311, Pending_hits = 209, Reservation_fails = 0
	L1D_cache_core[11]: Access = 1464, Miss = 455, Miss_rate = 0.311, Pending_hits = 209, Reservation_fails = 0
	L1D_cache_core[12]: Access = 1464, Miss = 455, Miss_rate = 0.311, Pending_hits = 209, Reservation_fails = 0
	L1D_cache_core[13]: Access = 1464, Miss = 455, Miss_rate = 0.311, Pending_hits = 209, Reservation_fails = 0
	L1D_cache_core[14]: Access = 1464, Miss = 455, Miss_rate = 0.311, Pending_hits = 209, Reservation_fails = 0
	L1D_cache_core[15]: Access = 1464, Miss = 455, Miss_rate = 0.311, Pending_hits = 209, Reservation_fails = 0
	L1D_cache_core[16]: Access = 1464, Miss = 455, Miss_rate = 0.311, Pending_hits = 209, Reservation_fails = 0
	L1D_cache_core[17]: Access = 1464, Miss = 455, Miss_rate = 0.311, Pending_hits = 209, Reservation_fails = 0
	L1D_cache_core[18]: Access = 1464, Miss = 455, Miss_rate = 0.311, Pending_hits = 209, Reservation_fails = 0
	L1D_cache_core[19]: Access = 1464, Miss = 455, Miss_rate = 0.311, Pending_hits = 209, Reservation_fails = 0
	L1D_cache_core[20]: Access = 1464, Miss = 455, Miss_rate = 0.311, Pending_hits = 209, Reservation_fails = 0
	L1D_cache_core[21]: Access = 1464, Miss = 455, Miss_rate = 0.311, Pending_hits = 209, Reservation_fails = 0
	L1D_cache_core[22]: Access = 1464, Miss = 455, Miss_rate = 0.311, Pending_hits = 209, Reservation_fails = 0
	L1D_cache_core[23]: Access = 1464, Miss = 455, Miss_rate = 0.311, Pending_hits = 209, Reservation_fails = 0
	L1D_cache_core[24]: Access = 1464, Miss = 455, Miss_rate = 0.311, Pending_hits = 209, Reservation_fails = 0
	L1D_cache_core[25]: Access = 1464, Miss = 455, Miss_rate = 0.311, Pending_hits = 209, Reservation_fails = 0
	L1D_cache_core[26]: Access = 1464, Miss = 455, Miss_rate = 0.311, Pending_hits = 209, Reservation_fails = 0
	L1D_cache_core[27]: Access = 1464, Miss = 455, Miss_rate = 0.311, Pending_hits = 209, Reservation_fails = 0
	L1D_cache_core[28]: Access = 1464, Miss = 455, Miss_rate = 0.311, Pending_hits = 209, Reservation_fails = 0
	L1D_cache_core[29]: Access = 1464, Miss = 455, Miss_rate = 0.311, Pending_hits = 209, Reservation_fails = 0
	L1D_cache_core[30]: Access = 1464, Miss = 455, Miss_rate = 0.311, Pending_hits = 209, Reservation_fails = 0
	L1D_cache_core[31]: Access = 1464, Miss = 455, Miss_rate = 0.311, Pending_hits = 209, Reservation_fails = 0
	L1D_cache_core[32]: Access = 1464, Miss = 455, Miss_rate = 0.311, Pending_hits = 209, Reservation_fails = 0
	L1D_cache_core[33]: Access = 1464, Miss = 455, Miss_rate = 0.311, Pending_hits = 209, Reservation_fails = 0
	L1D_cache_core[34]: Access = 1464, Miss = 455, Miss_rate = 0.311, Pending_hits = 209, Reservation_fails = 0
	L1D_cache_core[35]: Access = 1464, Miss = 455, Miss_rate = 0.311, Pending_hits = 209, Reservation_fails = 0
	L1D_cache_core[36]: Access = 1196, Miss = 382, Miss_rate = 0.319, Pending_hits = 168, Reservation_fails = 0
	L1D_cache_core[37]: Access = 1196, Miss = 382, Miss_rate = 0.319, Pending_hits = 168, Reservation_fails = 0
	L1D_cache_core[38]: Access = 1196, Miss = 382, Miss_rate = 0.319, Pending_hits = 168, Reservation_fails = 0
	L1D_cache_core[39]: Access = 1196, Miss = 382, Miss_rate = 0.319, Pending_hits = 167, Reservation_fails = 0
	L1D_cache_core[40]: Access = 1196, Miss = 382, Miss_rate = 0.319, Pending_hits = 168, Reservation_fails = 0
	L1D_cache_core[41]: Access = 1196, Miss = 382, Miss_rate = 0.319, Pending_hits = 167, Reservation_fails = 0
	L1D_cache_core[42]: Access = 1196, Miss = 382, Miss_rate = 0.319, Pending_hits = 168, Reservation_fails = 0
	L1D_cache_core[43]: Access = 1196, Miss = 382, Miss_rate = 0.319, Pending_hits = 167, Reservation_fails = 0
	L1D_cache_core[44]: Access = 1196, Miss = 382, Miss_rate = 0.319, Pending_hits = 168, Reservation_fails = 0
	L1D_cache_core[45]: Access = 1196, Miss = 382, Miss_rate = 0.319, Pending_hits = 168, Reservation_fails = 0
	L1D_cache_core[46]: Access = 1196, Miss = 382, Miss_rate = 0.319, Pending_hits = 168, Reservation_fails = 0
	L1D_cache_core[47]: Access = 1196, Miss = 382, Miss_rate = 0.319, Pending_hits = 168, Reservation_fails = 0
	L1D_cache_core[48]: Access = 1196, Miss = 382, Miss_rate = 0.319, Pending_hits = 168, Reservation_fails = 0
	L1D_cache_core[49]: Access = 1196, Miss = 382, Miss_rate = 0.319, Pending_hits = 168, Reservation_fails = 0
	L1D_cache_core[50]: Access = 1196, Miss = 382, Miss_rate = 0.319, Pending_hits = 168, Reservation_fails = 0
	L1D_cache_core[51]: Access = 1196, Miss = 382, Miss_rate = 0.319, Pending_hits = 168, Reservation_fails = 0
	L1D_cache_core[52]: Access = 1387, Miss = 419, Miss_rate = 0.302, Pending_hits = 197, Reservation_fails = 0
	L1D_cache_core[53]: Access = 1366, Miss = 415, Miss_rate = 0.304, Pending_hits = 197, Reservation_fails = 0
	L1D_cache_core[54]: Access = 1366, Miss = 415, Miss_rate = 0.304, Pending_hits = 197, Reservation_fails = 0
	L1D_cache_core[55]: Access = 1366, Miss = 415, Miss_rate = 0.304, Pending_hits = 197, Reservation_fails = 0
	L1D_cache_core[56]: Access = 1366, Miss = 415, Miss_rate = 0.304, Pending_hits = 197, Reservation_fails = 0
	L1D_cache_core[57]: Access = 1366, Miss = 415, Miss_rate = 0.304, Pending_hits = 197, Reservation_fails = 0
	L1D_cache_core[58]: Access = 1366, Miss = 415, Miss_rate = 0.304, Pending_hits = 197, Reservation_fails = 0
	L1D_cache_core[59]: Access = 1366, Miss = 415, Miss_rate = 0.304, Pending_hits = 197, Reservation_fails = 0
	L1D_cache_core[60]: Access = 1366, Miss = 415, Miss_rate = 0.304, Pending_hits = 197, Reservation_fails = 0
	L1D_cache_core[61]: Access = 1366, Miss = 415, Miss_rate = 0.304, Pending_hits = 197, Reservation_fails = 0
	L1D_cache_core[62]: Access = 1366, Miss = 415, Miss_rate = 0.304, Pending_hits = 197, Reservation_fails = 0
	L1D_cache_core[63]: Access = 1366, Miss = 415, Miss_rate = 0.304, Pending_hits = 197, Reservation_fails = 0
	L1D_cache_core[64]: Access = 1366, Miss = 415, Miss_rate = 0.304, Pending_hits = 197, Reservation_fails = 0
	L1D_cache_core[65]: Access = 1366, Miss = 415, Miss_rate = 0.304, Pending_hits = 197, Reservation_fails = 0
	L1D_cache_core[66]: Access = 1366, Miss = 415, Miss_rate = 0.304, Pending_hits = 197, Reservation_fails = 0
	L1D_cache_core[67]: Access = 1366, Miss = 415, Miss_rate = 0.304, Pending_hits = 197, Reservation_fails = 0
	L1D_total_cache_accesses = 93717
	L1D_total_cache_misses = 29136
	L1D_total_cache_miss_rate = 0.3109
	L1D_total_cache_pending_hits = 13361
	L1D_total_cache_reservation_fails = 0
	L1D_cache_data_port_util = 0.052
	L1D_cache_fill_port_util = 0.029
L1C_cache:
	L1C_total_cache_accesses = 0
	L1C_total_cache_misses = 0
	L1C_total_cache_pending_hits = 0
	L1C_total_cache_reservation_fails = 0
L1T_cache:
	L1T_total_cache_accesses = 0
	L1T_total_cache_misses = 0
	L1T_total_cache_pending_hits = 0
	L1T_total_cache_reservation_fails = 0
L1D_BW_total  =     268.2952 GB/Sec

Total_core_cache_stats:
	Total_core_cache_stats_breakdown[GLOBAL_ACC_R][HIT] = 18958
	Total_core_cache_stats_breakdown[GLOBAL_ACC_R][HIT_RESERVED] = 13361
	Total_core_cache_stats_breakdown[GLOBAL_ACC_R][MISS] = 8132
	Total_core_cache_stats_breakdown[GLOBAL_ACC_R][RESERVATION_FAIL] = 0
	Total_core_cache_stats_breakdown[GLOBAL_ACC_R][SECTOR_MISS] = 20492
	Total_core_cache_stats_breakdown[GLOBAL_ACC_R][MSHR_HIT] = 13361
	Total_core_cache_stats_breakdown[LOCAL_ACC_R][HIT] = 0
	Total_core_cache_stats_breakdown[LOCAL_ACC_R][HIT_RESERVED] = 0
	Total_core_cache_stats_breakdown[LOCAL_ACC_R][MISS] = 0
	Total_core_cache_stats_breakdown[LOCAL_ACC_R][RESERVATION_FAIL] = 0
	Total_core_cache_stats_breakdown[LOCAL_ACC_R][SECTOR_MISS] = 0
	Total_core_cache_stats_breakdown[LOCAL_ACC_R][MSHR_HIT] = 0
	Total_core_cache_stats_breakdown[CONST_ACC_R][HIT] = 116
	Total_core_cache_stats_breakdown[CONST_ACC_R][HIT_RESERVED] = 0
	Total_core_cache_stats_breakdown[CONST_ACC_R][MISS] = 700
	Total_core_cache_stats_breakdown[CONST_ACC_R][RESERVATION_FAIL] = 0
	Total_core_cache_stats_breakdown[CONST_ACC_R][SECTOR_MISS] = 0
	Total_core_cache_stats_breakdown[CONST_ACC_R][MSHR_HIT] = 496
	Total_core_cache_stats_breakdown[TEXTURE_ACC_R][HIT] = 0
	Total_core_cache_stats_breakdown[TEXTURE_ACC_R][HIT_RESERVED] = 0
	Total_core_cache_stats_breakdown[TEXTURE_ACC_R][MISS] = 0
	Total_core_cache_stats_breakdown[TEXTURE_ACC_R][RESERVATION_FAIL] = 0
	Total_core_cache_stats_breakdown[TEXTURE_ACC_R][SECTOR_MISS] = 0
	Total_core_cache_stats_breakdown[TEXTURE_ACC_R][MSHR_HIT] = 0
	Total_core_cache_stats_breakdown[GLOBAL_ACC_W][HIT] = 32262
	Total_core_cache_stats_breakdown[GLOBAL_ACC_W][HIT_RESERVED] = 0
	Total_core_cache_stats_breakdown[GLOBAL_ACC_W][MISS] = 256
	Total_core_cache_stats_breakdown[GLOBAL_ACC_W][RESERVATION_FAIL] = 0
	Total_core_cache_stats_breakdown[GLOBAL_ACC_W][SECTOR_MISS] = 256
	Total_core_cache_stats_breakdown[GLOBAL_ACC_W][MSHR_HIT] = 0
	Total_core_cache_stats_breakdown[LOCAL_ACC_W][HIT] = 0
	Total_core_cache_stats_breakdown[LOCAL_ACC_W][HIT_RESERVED] = 0
	Total_core_cache_stats_breakdown[LOCAL_ACC_W][MISS] = 0
	Total_core_cache_stats_breakdown[LOCAL_ACC_W][RESERVATION_FAIL] = 0
	Total_core_cache_stats_breakdown[LOCAL_ACC_W][SECTOR_MISS] = 0
	Total_core_cache_stats_breakdown[LOCAL_ACC_W][MSHR_HIT] = 0
	Total_core_cache_stats_breakdown[L1_WRBK_ACC][HIT] = 0
	Total_core_cache_stats_breakdown[L1_WRBK_ACC][HIT_RESERVED] = 0
	Total_core_cache_stats_breakdown[L1_WRBK_ACC][MISS] = 0
	Total_core_cache_stats_breakdown[L1_WRBK_ACC][RESERVATION_FAIL] = 0
	Total_core_cache_stats_breakdown[L1_WRBK_ACC][SECTOR_MISS] = 0
	Total_core_cache_stats_breakdown[L1_WRBK_ACC][MSHR_HIT] = 0
	Total_core_cache_stats_breakdown[L2_WRBK_ACC][HIT] = 0
	Total_core_cache_stats_breakdown[L2_WRBK_ACC][HIT_RESERVED] = 0
	Total_core_cache_stats_breakdown[L2_WRBK_ACC][MISS] = 0
	Total_core_cache_stats_breakdown[L2_WRBK_ACC][RESERVATION_FAIL] = 0
	Total_core_cache_stats_breakdown[L2_WRBK_ACC][SECTOR_MISS] = 0
	Total_core_cache_stats_breakdown[L2_WRBK_ACC][MSHR_HIT] = 0
	Total_core_cache_stats_breakdown[INST_ACC_R][HIT] = 476
	Total_core_cache_stats_breakdown[INST_ACC_R][HIT_RESERVED] = 0
	Total_core_cache_stats_breakdown[INST_ACC_R][MISS] = 9931
	Total_core_cache_stats_breakdown[INST_ACC_R][RESERVATION_FAIL] = 0
	Total_core_cache_stats_breakdown[INST_ACC_R][SECTOR_MISS] = 0
	Total_core_cache_stats_breakdown[INST_ACC_R][MSHR_HIT] = 7344
	Total_core_cache_stats_breakdown[L1_WR_ALLOC_R][HIT] = 0
	Total_core_cache_stats_breakdown[L1_WR_ALLOC_R][HIT_RESERVED] = 0
	Total_core_cache_stats_breakdown[L1_WR_ALLOC_R][MISS] = 0
	Total_core_cache_stats_breakdown[L1_WR_ALLOC_R][RESERVATION_FAIL] = 0
	Total_core_cache_stats_breakdown[L1_WR_ALLOC_R][SECTOR_MISS] = 0
	Total_core_cache_stats_breakdown[L1_WR_ALLOC_R][MSHR_HIT] = 0
	Total_core_cache_stats_breakdown[L2_WR_ALLOC_R][HIT] = 0
	Total_core_cache_stats_breakdown[L2_WR_ALLOC_R][HIT_RESERVED] = 0
	Total_core_cache_stats_breakdown[L2_WR_ALLOC_R][MISS] = 0
	Total_core_cache_stats_breakdown[L2_WR_ALLOC_R][RESERVATION_FAIL] = 0
	Total_core_cache_stats_breakdown[L2_WR_ALLOC_R][SECTOR_MISS] = 0
	Total_core_cache_stats_breakdown[L2_WR_ALLOC_R][MSHR_HIT] = 0
	Total_core_cache_stats_breakdown[GRID_BARRIER_ACC][HIT] = 0
	Total_core_cache_stats_breakdown[GRID_BARRIER_ACC][HIT_RESERVED] = 0
	Total_core_cache_stats_breakdown[GRID_BARRIER_ACC][MISS] = 0
	Total_core_cache_stats_breakdown[GRID_BARRIER_ACC][RESERVATION_FAIL] = 0
	Total_core_cache_stats_breakdown[GRID_BARRIER_ACC][SECTOR_MISS] = 0
	Total_core_cache_stats_breakdown[GRID_BARRIER_ACC][MSHR_HIT] = 0
	Total_core_cache_stats_breakdown[TLB_MISS_ACC_DATA][HIT] = 0
	Total_core_cache_stats_breakdown[TLB_MISS_ACC_DATA][HIT_RESERVED] = 0
	Total_core_cache_stats_breakdown[TLB_MISS_ACC_DATA][MISS] = 0
	Total_core_cache_stats_breakdown[TLB_MISS_ACC_DATA][RESERVATION_FAIL] = 0
	Total_core_cache_stats_breakdown[TLB_MISS_ACC_DATA][SECTOR_MISS] = 0
	Total_core_cache_stats_breakdown[TLB_MISS_ACC_DATA][MSHR_HIT] = 0
	Total_core_cache_stats_breakdown[TLB_MISS_ACC_INST][HIT] = 0
	Total_core_cache_stats_breakdown[TLB_MISS_ACC_INST][HIT_RESERVED] = 0
	Total_core_cache_stats_breakdown[TLB_MISS_ACC_INST][MISS] = 0
	Total_core_cache_stats_breakdown[TLB_MISS_ACC_INST][RESERVATION_FAIL] = 0
	Total_core_cache_stats_breakdown[TLB_MISS_ACC_INST][SECTOR_MISS] = 0
	Total_core_cache_stats_breakdown[TLB_MISS_ACC_INST][MSHR_HIT] = 0
	Total_core_cache_stats_breakdown[GLOBAL_ACC_R][TOTAL_ACCESS] = 60943
	Total_core_cache_stats_breakdown[CONST_ACC_R][TOTAL_ACCESS] = 816
	Total_core_cache_stats_breakdown[GLOBAL_ACC_W][TOTAL_ACCESS] = 32774
	Total_core_cache_stats_breakdown[INST_ACC_R][TOTAL_ACCESS] = 10407

Total_core_cache_fail_stats:
ctas_completed 512, Shader 0 warp_id issue ditsribution:
warp_id:

distro:

total_percentage_ldst_unit_instructions = 19.1624
total_percentage_dp_instructions = 9.5837
total_percentage_cycles_issue_stage_issuing = 8.8715
total_percentage_cycles_issue_stage_not_issuing_stall_next_stage_not_available = 33.9513
total_num_constant_cache_different_blocks = 12
total_num_global_memory_blocks = 4653
total_num_different_virtual_pages = 3
total_percentage_evals_rf_with_conflict = 0.0000
total_accesses_per_l1d_instruction = 3.5191
total_accesses_per_shared_instruction = 1.0000
total_percentage_coalesced_intrawarp_l1d = 0.0000
total_percentage_coalesced_interwarp_l1d = 0.0000
total_percentage_not_coalesced_l1d = 0.0000
total_percentage_coalesced_intrawarp_less_equal_than_5_cyc_l1d = 0.0000
total_percentage_coalesced_intrawarp_less_equal_than_10_cyc_l1d = 0.0000
total_percentage_coalesced_intrawarp_less_equal_than_20_cyc_l1d = 0.0000
total_percentage_coalesced_intrawarp_less_equal_than_30_cyc_l1d = 0.0000
total_percentage_coalesced_intrawarp_less_equal_than_40_cyc_l1d = 0.0000
total_percentage_coalesced_intrawarp_less_equal_than_50_cyc_l1d = 0.0000
total_percentage_coalesced_intrawarp_less_equal_than_100_cyc_l1d = 0.0000
total_percentage_coalesced_intrawarp_less_equal_than_200_cyc_l1d = 0.0000
total_percentage_coalesced_intrawarp_bigger_than_200_cyc_l1d = 0.0000
total_percentage_coalesced_interwarp_less_equal_than_5_cyc_l1d = 0.0000
total_percentage_coalesced_interwarp_less_equal_than_10_cyc_l1d = 0.0000
total_percentage_coalesced_interwarp_less_equal_than_20_cyc_l1d = 0.0000
total_percentage_coalesced_interwarp_less_equal_than_30_cyc_l1d = 0.0000
total_percentage_coalesced_interwarp_less_equal_than_40_cyc_l1d = 0.0000
total_percentage_coalesced_interwarp_less_equal_than_50_cyc_l1d = 0.0000
total_percentage_coalesced_interwarp_less_equal_than_100_cyc_l1d = 0.0000
total_percentage_coalesced_interwarp_less_equal_than_200_cyc_l1d = 0.0000
total_percentage_coalesced_interwarp_bigger_than_200_cyc_l1d = 0.0000
total_percentage_coalesced_intrawarp_const = 0.0000
total_percentage_coalesced_interwarp_const = 0.0000
total_percentage_not_coalesced_const = 0.0000
total_percentage_coalesced_intrawarp_less_equal_than_5_cyc_const = 0.0000
total_percentage_coalesced_intrawarp_less_equal_than_10_cyc_const = 0.0000
total_percentage_coalesced_intrawarp_less_equal_than_20_cyc_const = 0.0000
total_percentage_coalesced_intrawarp_less_equal_than_30_cyc_const = 0.0000
total_percentage_coalesced_intrawarp_less_equal_than_40_cyc_const = 0.0000
total_percentage_coalesced_intrawarp_less_equal_than_50_cyc_const = 0.0000
total_percentage_coalesced_intrawarp_less_equal_than_100_cyc_const = 0.0000
total_percentage_coalesced_intrawarp_less_equal_than_200_cyc_const = 0.0000
total_percentage_coalesced_intrawarp_bigger_than_200_cyc_const = 0.0000
total_percentage_coalesced_interwarp_less_equal_than_5_cyc_const = 0.0000
total_percentage_coalesced_interwarp_less_equal_than_10_cyc_const = 0.0000
total_percentage_coalesced_interwarp_less_equal_than_20_cyc_const = 0.0000
total_percentage_coalesced_interwarp_less_equal_than_30_cyc_const = 0.0000
total_percentage_coalesced_interwarp_less_equal_than_40_cyc_const = 0.0000
total_percentage_coalesced_interwarp_less_equal_than_50_cyc_const = 0.0000
total_percentage_coalesced_interwarp_less_equal_than_100_cyc_const = 0.0000
total_percentage_coalesced_interwarp_less_equal_than_200_cyc_const = 0.0000
total_percentage_coalesced_interwarp_bigger_than_200_cyc_const = 0.0000
total_percentage_coalesced_intrawarp_sharedmem = 0.0000
total_percentage_coalesced_interwarp_sharedmem = 0.0000
total_percentage_not_coalesced_sharedmem = 0.0000
total_percentage_coalesced_intrawarp_less_equal_than_5_cyc_sharedmem = 0.0000
total_percentage_coalesced_intrawarp_less_equal_than_10_cyc_sharedmem = 0.0000
total_percentage_coalesced_intrawarp_less_equal_than_20_cyc_sharedmem = 0.0000
total_percentage_coalesced_intrawarp_less_equal_than_30_cyc_sharedmem = 0.0000
total_percentage_coalesced_intrawarp_less_equal_than_40_cyc_sharedmem = 0.0000
total_percentage_coalesced_intrawarp_less_equal_than_50_cyc_sharedmem = 0.0000
total_percentage_coalesced_intrawarp_less_equal_than_100_cyc_sharedmem = 0.0000
total_percentage_coalesced_intrawarp_less_equal_than_200_cyc_sharedmem = 0.0000
total_percentage_coalesced_intrawarp_bigger_than_200_cyc_sharedmem = 0.0000
total_percentage_coalesced_interwarp_less_equal_than_5_cyc_sharedmem = 0.0000
total_percentage_coalesced_interwarp_less_equal_than_10_cyc_sharedmem = 0.0000
total_percentage_coalesced_interwarp_less_equal_than_20_cyc_sharedmem = 0.0000
total_percentage_coalesced_interwarp_less_equal_than_30_cyc_sharedmem = 0.0000
total_percentage_coalesced_interwarp_less_equal_than_40_cyc_sharedmem = 0.0000
total_percentage_coalesced_interwarp_less_equal_than_50_cyc_sharedmem = 0.0000
total_percentage_coalesced_interwarp_less_equal_than_100_cyc_sharedmem = 0.0000
total_percentage_coalesced_interwarp_less_equal_than_200_cyc_sharedmem = 0.0000
total_percentage_coalesced_interwarp_bigger_than_200_cyc_sharedmem = 0.0000
total_percentage_accesses_candidate_to_coalesce = 0.0000
total_percentage_accesses_coalesced = 0.0000
gpgpu_n_tot_thrd_icount = 10945248
gpgpu_n_tot_w_icount = 342039
gpgpu_n_stall_dispatch_to_subpipeline_mem = 0 
gpgpu_n_mem_read_local = 0 
gpgpu_n_mem_write_local = 0 
gpgpu_n_mem_read_global = 28624 
gpgpu_n_mem_write_global = 32774 
gpgpu_n_mem_texture = 0 
gpgpu_n_mem_const = 204 
gpgpu_n_load_insn  = 528464 
gpgpu_n_store_insn = 200736 
gpgpu_n_shmem_insn = 520192 
gpgpu_n_sstarr_insn = 0 
gpgpu_n_tex_insn = 0 
gpgpu_n_const_mem_insn = 0 
gpgpu_n_param_mem_insn = 0 
gpgpu_n_shmem_bkconflict = 0 
gpgpu_n_shmem_port_conflict = 0 
gpgpu_n_l1cache_bkconflict = 0 
gpgpu_n_l1cache_coalescing_conflicts = 67086 
gpgpu_n_directly_to_l2_coalescing_conflicts = 0 
gpgpu_n_intrawarp_mshr_merge = 0
gpgpu_n_cmem_portconflict = 0 
gpgpu_n_cmem_coalescing_conflicts = 0 
gpgpu_stall_shd_mem[C_MEM][BK_CONF] : 0 
gpgpu_stall_shd_mem[S_MEM][BK_CONF] : 0 
gpgpu_stall_shd_mem[gl_mem][resource_stall] = 0
gpgpu_stall_shd_mem[gl_mem][coal_stall] = 0
gpgpu_stall_shd_mem[gl_mem][data_port_stall] = 0
gpgpu_stall_shd_mem[gl_mem][icnt_stall] = 0
gpu_reg_bank_conflict_stalls = 0
Total_effective_incomplete_warps: 38680
Total_percentage_incomplete_warps: 11.31
Warp Occupancy Distribution:
Stall:0	W0_Idle:0	W0_Scoreboard:0	W1:0	W2:18432	W3:0	W4:0	W5:0	W6:0	W7:0	W8:0	W9:0	W10:0	W11:0	W12:0	W13:0	W14:0	W15:0	W16:18200	W17:0	W18:0	W19:0	W20:0	W21:0	W22:0	W23:0	W24:0	W25:0	W26:0	W27:0	W28:0	W29:0	W30:2048	W31:0	W32:264191
single_issue_nums: WS0:0	WS1:0	WS2:0	WS3:0	
dual_issue_nums: WS0:0	WS1:0	WS2:0	WS3:0	
traffic_breakdown_coretomem[CONST_ACC_R] = 2720 {8:340,}
traffic_breakdown_coretomem[GLOBAL_ACC_R] = 306816 {8:38352,}
traffic_breakdown_coretomem[GLOBAL_ACC_W] = 1802480 {40:45062,}
traffic_breakdown_coretomem[INST_ACC_R] = 33752 {8:4219,}
traffic_breakdown_memtocore[CONST_ACC_R] = 54400 {40:1360,}
traffic_breakdown_memtocore[GLOBAL_ACC_R] = 1534080 {40:38352,}
traffic_breakdown_memtocore[GLOBAL_ACC_W] = 360496 {8:45062,}
traffic_breakdown_memtocore[INST_ACC_R] = 674880 {40:16872,}
maxmflatency = 1516 
max_icnt2mem_latency = 1042 
maxmrqlatency = 149 
max_icnt2sh_latency = 124 
averagemflatency = 442 
avg_icnt2mem_latency = 111 
avg_mrq_latency = 5 
avg_icnt2sh_latency = 4 
mrq_lat_table:13940 	1544 	2313 	2995 	2345 	673 	138 	12 	0 	0 	0 	0 	0 	0 	0 	0 	0 	0 	0 	0 	0 	0 	0 	0 	0 	0 	0 	0 	0 	0 	0 	0 	
dq_lat_table:0 	0 	0 	0 	0 	0 	0 	0 	0 	0 	0 	0 	0 	0 	0 	0 	0 	0 	0 	0 	0 	0 	0 	0 	0 	0 	0 	0 	0 	0 	0 	0 	
mf_lat_table:0 	0 	0 	0 	0 	0 	0 	32357 	7206 	18901 	2934 	0 	0 	0 	0 	0 	0 	0 	0 	0 	0 	0 	0 	0 	0 	0 	0 	0 	0 	0 	0 	0 	
icnt2mem_lat_table:0 	1003 	221 	268 	36372 	6580 	3271 	4971 	10169 	1331 	3 	0 	0 	0 	0 	0 	0 	0 	0 	0 	0 	0 	0 	0 	
icnt2sh_lat_table:0 	45352 	8035 	5062 	2168 	619 	162 	0 	0 	0 	0 	0 	0 	0 	0 	0 	0 	0 	0 	0 	0 	0 	0 	0 	
mf_lat_pw_table:0 	0 	0 	0 	0 	0 	0 	20 	3 	4 	0 	0 	0 	0 	0 	0 	0 	0 	0 	0 	0 	0 	0 	0 	0 	0 	0 	0 	0 	0 	0 	0 	
maximum concurrent accesses to same row:
dram[0]:        44        44         0         0         0         0         0         0         0         0        81        80        81        81       160       160 
dram[1]:        44        44         0         0         0         0         0         0         0         0        83        90        91        87        80        80 
dram[2]:        44        51         0         0         0         0         0         0         0         0        82        95        85        80        80        80 
dram[3]:        44        44         0         0         0         0         0         0         0         0        92        88        82        80        80        80 
dram[4]:        35        32         0         0         0         0         0         0         0         0        89        96        82        83        80        80 
dram[5]:        32        34         0         0         0         0         0         0         0         0        76        84        86        83        80        80 
dram[6]:        32        32         0         0         0         0         0         0         0         0        83        88        80        88        83        82 
dram[7]:        32        32         0         0         0         0         0         0         0         0        90        90        86        81        84        80 
dram[8]:        28        28         0         0         0         0         0         0         0         0        99        90        86        80        84        92 
dram[9]:        28        28         0         0         0         0         0         0         0         0        96       100        80        81        80        80 
dram[10]:        28        28         0         0         0         0         0         0         0         0        80        80        80        80        84        84 
dram[11]:        28        28         0         0         0         0         0         0         0         0        80        80        80        80        84        84 
dram[12]:         0         0         0         0         0         0         0         0         0         0        64        64        64        64        20        20 
dram[13]:         0         0         0         0         0         0         0         0         0         0        64        64        64        64        20        20 
dram[14]:         0         0         0         0         0         0         0         0         0         0        64        64        64        64        20        20 
dram[15]:         0         0         0         0         0         0         0         0         0         0        64        64        64        64        20        20 
dram[16]:        28        28         0         0         0         0         0         0         0         0        16        16        16        16        64        64 
dram[17]:        28        28         0         0         0         0         0         0         0         0        16        16        16        16        64        64 
dram[18]:        28        28         0         0         0         0         0         0         0         0        16        16        16        16       128       128 
dram[19]:        28        28         0         0         0         0         0         0         0         0        16        16        16        16       128       128 
maximum service time to same row:
dram[0]:      4281      4273         0         0         0         0         0         0      3754      3762      4577      4584      4484      4482      4352      4337 
dram[1]:      4286      4296         0         0         0         0         0         0      3770      3778      4582      4617      4467      4474      4336      4342 
dram[2]:      4288      4280         0         0         0         0         0         0      3786      3794      4523      4535      4493      4481      4347      4361 
dram[3]:      4283      4299         0         0         0         0         0         0      3790      3785      3175      4558      4492      4488      8036      8550 
dram[4]:      4303      4313         0         0         0         0         0         0      3944      3734      3969      4553      4463      4468      4355      4347 
dram[5]:      4305      4297         0         0         0         0         0         0      3742      3750      4560      4541      4464      4474      4353      4363 
dram[6]:      4301      4315         0         0         0         0         0         0      3758      3746      4528      4535      4487      4461      4337      4328 
dram[7]:      4281      4284         0         0         0         0         0         0      3774      3782      4543      4558      4454      4457      4343      4358 
dram[8]:      4265      4268         0         0         0         0         0         0      3850      3881      2574      4579      4483      4491      2328      2318 
dram[9]:      4288      4273         0         0         0         0         0         0      3834      3842      4577      4568      4489      4478      4335      4346 
dram[10]:      4272      4278         0         0         0         0         0         0      3841      3849      4550      4536      4488      4480      2349      2346 
dram[11]:      4297      4280         0         0         0         0         0         0      3853      3861      4544      4557      4509      4501      2320      2336 
dram[12]:      2880      2881         0         0         0         0         0         0         0         0      4545      4553      4465      4471      2490      3155 
dram[13]:      2880      2867         0         0         0         0         0         0         0         0      4532      4520      4476      4473      2489      2485 
dram[14]:      2865      2932         0         0         0         0         0         0         0         0      4608      4581      4470      4463      4336      4362 
dram[15]:      2923      2972         0         0         0         0         0         0         0         0      4647      4539      4468      4462      3753      4275 
dram[16]:      4320      4312         0         0         0         0         0         0      3806      3814      5011      5045      4453      4446      4393      4357 
dram[17]:      4304      4310         0         0         0         0         0         0      3809      3817      5002      5006      4449      4456      4349      4355 
dram[18]:      4305      4303         0         0         0         0         0         0      3818      3813      4790      4796      4460      4457      4361      4344 
dram[19]:      4276      4291         0         0         0         0         0         0      3802      3810      4791      4788      4530      4534      4342      4345 
average row accesses per activate:
dram[0]:  7.736842  8.470589      -nan      -nan      -nan      -nan      -nan      -nan 24.000000 24.000000  7.241379  6.424242  8.000000  7.741935  7.875000  8.400000 
dram[1]:  6.857143  5.760000      -nan      -nan      -nan      -nan      -nan      -nan 24.000000 24.000000 11.157895  7.851852  7.741935  7.058824  8.000000  8.551724 
dram[2]:  5.760000 10.285714      -nan      -nan      -nan      -nan      -nan      -nan 24.000000 24.000000  6.838710  9.217391  6.315790  7.741935  9.760000  7.625000 
dram[3]:  8.470589  8.470589      -nan      -nan      -nan      -nan      -nan      -nan 24.000000 24.000000  7.200000 10.600000  7.500000  8.571428  8.551724  8.266666 
dram[4]:  6.761905  5.440000      -nan      -nan      -nan      -nan      -nan      -nan 56.000000 56.000000  6.600000  7.000000  6.666667  7.272727  7.272727  5.581395 
dram[5]:  5.440000  9.066667      -nan      -nan      -nan      -nan      -nan      -nan 56.000000 56.000000  7.653846  8.166667  6.153846  6.666667  8.275862  5.581395 
dram[6]:  8.000000  5.913043      -nan      -nan      -nan      -nan      -nan      -nan 56.000000 56.000000  8.909091  8.909091  7.500000  7.272727  8.000000  8.000000 
dram[7]:  5.913043  9.066667      -nan      -nan      -nan      -nan      -nan      -nan 56.000000 56.000000  7.538462  8.521739  6.857143  6.153846  8.275862  8.000000 
dram[8]:  7.294117  8.857142      -nan      -nan      -nan      -nan      -nan      -nan 24.000000 24.000000  7.407407  7.538462  8.000000  8.000000  6.971428  9.037037 
dram[9]:  6.200000  6.200000      -nan      -nan      -nan      -nan      -nan      -nan 24.000000 24.000000  8.909091  9.800000  7.741935  8.888889  7.741935  7.272727 
dram[10]: 48.000000 48.000000      -nan      -nan      -nan      -nan      -nan      -nan 12.000000 12.000000 58.000000 58.000000 80.000000 80.000000 42.000000 42.000000 
dram[11]: 48.000000 48.000000      -nan      -nan      -nan      -nan      -nan      -nan 12.000000 12.000000 58.000000 58.000000 80.000000 80.000000 54.666668 33.599998 
dram[12]: 52.000000 52.000000      -nan      -nan      -nan      -nan      -nan      -nan      -nan      -nan 50.000000 50.000000 64.000000 64.000000 12.000000 12.000000 
dram[13]: 52.000000 52.000000      -nan      -nan      -nan      -nan      -nan      -nan      -nan      -nan 50.000000 50.000000 64.000000 64.000000 12.000000 12.000000 
dram[14]: 52.000000 52.000000      -nan      -nan      -nan      -nan      -nan      -nan      -nan      -nan 50.000000 50.000000 64.000000 64.000000 12.000000 12.000000 
dram[15]: 52.000000 52.000000      -nan      -nan      -nan      -nan      -nan      -nan      -nan      -nan 50.000000 50.000000 64.000000 64.000000 12.000000 12.000000 
dram[16]: 22.000000 22.000000      -nan      -nan      -nan      -nan      -nan      -nan 12.000000 12.000000 16.000000 16.000000 16.000000 16.000000 33.000000 33.000000 
dram[17]: 22.000000 22.000000      -nan      -nan      -nan      -nan      -nan      -nan 12.000000 12.000000 16.000000 16.000000 16.000000 16.000000 33.000000 33.000000 
dram[18]: 22.000000 22.000000      -nan      -nan      -nan      -nan      -nan      -nan 12.000000 12.000000 16.000000 16.000000 16.000000 16.000000 44.000000 44.000000 
dram[19]: 22.000000 22.000000      -nan      -nan      -nan      -nan      -nan      -nan 12.000000 12.000000 16.000000 16.000000 16.000000 16.000000 44.000000 44.000000 
average row locality = 23960/2397 = 9.995828
number of total memory accesses made:
dram[0]:         0         0         0         0         0         0         0         0         0         0         0         0         0         0         0         0 
dram[1]:         0         0         0         0         0         0         0         0         0         0         0         0         0         0         0         0 
dram[2]:         0         0         0         0         0         0         0         0         0         0         0         0         0         0         0         0 
dram[3]:         0         0         0         0         0         0         0         0         0         0         0         0         0         0         0         0 
dram[4]:         0         0         0         0         0         0         0         0         0         0         0         0         0         0         0         0 
dram[5]:         0         0         0         0         0         0         0         0         0         0         0         0         0         0         0         0 
dram[6]:         0         0         0         0         0         0         0         0         0         0         0         0         0         0         0         0 
dram[7]:         0         0         0         0         0         0         0         0         0         0         0         0         0         0         0         0 
dram[8]:         0         0         0         0         0         0         0         0         0         0         0         0         0         0         0         0 
dram[9]:         0         0         0         0         0         0         0         0         0         0         0         0         0         0         0         0 
dram[10]:         0         0         0         0         0         0         0         0         0         0         0         0         0         0         0         0 
dram[11]:         0         0         0         0         0         0         0         0         0         0         0         0         0         0         0         0 
dram[12]:         0         0         0         0         0         0         0         0         0         0         0         0         0         0         0         0 
dram[13]:         0         0         0         0         0         0         0         0         0         0         0         0         0         0         0         0 
dram[14]:         0         0         0         0         0         0         0         0         0         0         0         0         0         0         0         0 
dram[15]:         0         0         0         0         0         0         0         0         0         0         0         0         0         0         0         0 
dram[16]:         0         0         0         0         0         0         0         0         0         0         0         0         0         0         0         0 
dram[17]:         0         0         0         0         0         0         0         0         0         0         0         0         0         0         0         0 
dram[18]:         0         0         0         0         0         0         0         0         0         0         0         0         0         0         0         0 
dram[19]:         0         0         0         0         0         0         0         0         0         0         0         0         0         0         0         0 
total accesses: 0
min_bank_accesses = 0!
min_chip_accesses = 0!
number of total read accesses:
dram[0]:       147       144         0         0         0         0         0         0        24        24       210       212       240       240       252       252 
dram[1]:       144       144         0         0         0         0         0         0        24        24       212       212       240       240       248       248 
dram[2]:       144       144         0         0         0         0         0         0        24        24       212       212       240       240       244       244 
dram[3]:       144       144         0         0         0         0         0         0        24        24       216       212       240       240       248       248 
dram[4]:       142       136         0         0         0         0         0         0        56        56       198       196       240       240       240       240 
dram[5]:       136       136         0         0         0         0         0         0        56        56       199       196       240       240       240       240 
dram[6]:       136       136         0         0         0         0         0         0        56        56       196       196       240       240       240       240 
dram[7]:       136       136         0         0         0         0         0         0        56        56       196       196       240       240       240       240 
dram[8]:       124       124         0         0         0         0         0         0        24        24       200       196       240       240       244       244 
dram[9]:       124       124         0         0         0         0         0         0        24        24       196       196       240       240       240       240 
dram[10]:        96        96         0         0         0         0         0         0        12        12       116       116       160       160       168       168 
dram[11]:        96        96         0         0         0         0         0         0        12        12       116       116       160       160       164       168 
dram[12]:        52        52         0         0         0         0         0         0         0         0       100       100       128       128        36        36 
dram[13]:        52        52         0         0         0         0         0         0         0         0       100       100       128       128        36        36 
dram[14]:        52        52         0         0         0         0         0         0         0         0       100       100       128       128        36        36 
dram[15]:        52        52         0         0         0         0         0         0         0         0       100       100       128       128        36        36 
dram[16]:        44        44         0         0         0         0         0         0        12        12        32        32        32        32       132       132 
dram[17]:        44        44         0         0         0         0         0         0        12        12        32        32        32        32       132       132 
dram[18]:        44        44         0         0         0         0         0         0        12        12        32        32        32        32       132       132 
dram[19]:        44        44         0         0         0         0         0         0        12        12        32        32        32        32       132       132 
total dram reads = 23960
min_bank_accesses = 0!
chip skew: 1745/504 = 3.46
number of total write accesses:
dram[0]:         0         0         0         0         0         0         0         0         0         0         0         0         0         0         0         0 
dram[1]:         0         0         0         0         0         0         0         0         0         0         0         0         0         0         0         0 
dram[2]:         0         0         0         0         0         0         0         0         0         0         0         0         0         0         0         0 
dram[3]:         0         0         0         0         0         0         0         0         0         0         0         0         0         0         0         0 
dram[4]:         0         0         0         0         0         0         0         0         0         0         0         0         0         0         0         0 
dram[5]:         0         0         0         0         0         0         0         0         0         0         0         0         0         0         0         0 
dram[6]:         0         0         0         0         0         0         0         0         0         0         0         0         0         0         0         0 
dram[7]:         0         0         0         0         0         0         0         0         0         0         0         0         0         0         0         0 
dram[8]:         0         0         0         0         0         0         0         0         0         0         0         0         0         0         0         0 
dram[9]:         0         0         0         0         0         0         0         0         0         0         0         0         0         0         0         0 
dram[10]:         0         0         0         0         0         0         0         0         0         0         0         0         0         0         0         0 
dram[11]:         0         0         0         0         0         0         0         0         0         0         0         0         0         0         0         0 
dram[12]:         0         0         0         0         0         0         0         0         0         0         0         0         0         0         0         0 
dram[13]:         0         0         0         0         0         0         0         0         0         0         0         0         0         0         0         0 
dram[14]:         0         0         0         0         0         0         0         0         0         0         0         0         0         0         0         0 
dram[15]:         0         0         0         0         0         0         0         0         0         0         0         0         0         0         0         0 
dram[16]:         0         0         0         0         0         0         0         0         0         0         0         0         0         0         0         0 
dram[17]:         0         0         0         0         0         0         0         0         0         0         0         0         0         0         0         0 
dram[18]:         0         0         0         0         0         0         0         0         0         0         0         0         0         0         0         0 
dram[19]:         0         0         0         0         0         0         0         0         0         0         0         0         0         0         0         0 
total dram writes = 0
min_bank_accesses = 0!
min_chip_accesses = 0!
DRAM_BW_total =      68.5964 GB/Sec
average mf latency per bank:
dram[0]:       1076      1092    none      none      none      none      none      none         903       918      1071      1067      1070      1070       972      1002
dram[1]:       1122      1144    none      none      none      none      none      none        1000      1090      1175      1144      1110      1112      1033      1048
dram[2]:       1135      1113    none      none      none      none      none      none         907      1038      1126      1123      1080      1072      1028      1033
dram[3]:       1033      1042    none      none      none      none      none      none         895       867      1059      1069      1015      1017       948       948
dram[4]:       1118      1180    none      none      none      none      none      none         900       914      1063      1053      1060      1065      1004      1022
dram[5]:       1207      1155    none      none      none      none      none      none         890       925      1624      1076      1067      1080      1062      1004
dram[6]:       1150      1176    none      none      none      none      none      none         863       882      1051      1079      1045      1051      1006      1020
dram[7]:       1168      1129    none      none      none      none      none      none         878       847      1044      1062      1036      1064      1029      1029
dram[8]:       1069      1026    none      none      none      none      none      none         806       782      1004      1044      1017      1021       961       944
dram[9]:       1078      1099    none      none      none      none      none      none         809       778      1025      1060      1038      1045       970       976
dram[10]:       1236      1258    none      none      none      none      none      none        1490      1360      1493      1512      1367      1358      1212      1229
dram[11]:       1253      1293    none      none      none      none      none      none        1419      1443      1548      1503      1363      1373      1239      1220
dram[12]:       1090      1061    none      none      none      none      none      none      none      none        1460      1517      1326      1313      1065      1039
dram[13]:       1078      1041    none      none      none      none      none      none      none      none        1453      1508      1302      1323      1141      1077
dram[14]:        988       972    none      none      none      none      none      none      none      none        1552      1502      1396      1415      1092      1116
dram[15]:       1014       993    none      none      none      none      none      none      none      none        1453      1455      1341      1336      1193      1154
dram[16]:       1587      1610    none      none      none      none      none      none        1372      1318      1587      1520      1353      1299      1274      1284
dram[17]:       1627      1689    none      none      none      none      none      none        1334      1402      1526      1465      1391      1402      1280      1296
dram[18]:       1537      1613    none      none      none      none      none      none        1316      1308      1408      1367      1326      1317      1224      1248
dram[19]:       1606      1605    none      none      none      none      none      none        1428      1373      1384      1444      1327      1345      1234      1210
maximum mf latency per bank:
dram[0]:       1183      1193         0         0         0         0         0         0      1083       984      1175      1295      1167      1166      1309      1278
dram[1]:       1390      1349         0         0         0         0         0         0      1309      1396      1466      1516      1426      1375      1428      1385
dram[2]:       1301      1275         0         0         0         0         0         0      1082      1302      1247      1307      1263      1275      1281      1364
dram[3]:       1194      1190         0         0         0         0         0         0       959       877      1190      1241      1150      1178      1193      1160
dram[4]:       1292      1291         0         0         0         0         0         0      1043      1070      1136      1138      1266      1239      1273      1288
dram[5]:       1309      1222         0         0         0         0         0         0      1016      1031      1193      1155      1330      1269      1276      1223
dram[6]:       1282      1290         0         0         0         0         0         0      1035       980      1125      1148      1264      1252      1212      1182
dram[7]:       1224      1123         0         0         0         0         0         0       955       953      1103      1129      1252      1242      1250      1238
dram[8]:       1034      1195         0         0         0         0         0         0       758       737      1117      1101      1146      1154      1108      1086
dram[9]:       1212      1156         0         0         0         0         0         0       857       808      1184      1171      1151      1116      1135      1186
dram[10]:        963       958         0         0         0         0         0         0       745       736      1025      1044      1025      1043      1028      1031
dram[11]:       1157      1188         0         0         0         0         0         0       804       816      1241      1193      1120      1202      1096      1099
dram[12]:        965       956         0         0         0         0         0         0         0         0      1011       987       925       934       690       837
dram[13]:        935       913         0         0         0         0         0         0         0         0      1049      1015      1001       979       835       833
dram[14]:        908       826         0         0         0         0         0         0         0         0      1004       986       937       936       780       923
dram[15]:        940       901         0         0         0         0         0         0         0         0       993      1030       942       940       836       821
dram[16]:        849       841         0         0         0         0         0         0       793       676       974       977       885       942       964      1009
dram[17]:        845       850         0         0         0         0         0         0       827       859       937       932       965       892      1012      1009
dram[18]:        851       850         0         0         0         0         0         0       623       652       984       947       932       965       947       965
dram[19]:        847       859         0         0         0         0         0         0       768       679       901       963       941       966       998       990
Memory Partition 0: 
Cache L2_bank_000:
MSHR contents

Cache L2_bank_001:
MSHR contents

In Dram Latency Queue (total = 0): 
DRAM[0]: 16 bks, busW=2 BL=16 CL=24, tRRD=12 tCCD=4, tRCD=24 tRAS=55 tRP=24 tRC=78
n_cmd=106184 n_nop=104024 n_act=223 n_pre=213 n_ref_event=0 n_req=1745 n_rd=1745 n_rd_L2_A=0 n_write=0 n_wr_bk=0 bw_util=0.06573
n_activity=9687 dram_eff=0.7206
bk0: 147a 103798i bk1: 144a 103686i bk2: 0a 106041i bk3: 0a 106097i bk4: 0a 106159i bk5: 0a 106200i bk6: 0a 106234i bk7: 0a 106274i bk8: 24a 106108i bk9: 24a 106252i bk10: 210a 103398i bk11: 212a 102864i bk12: 240a 103007i bk13: 240a 102223i bk14: 252a 102304i bk15: 252a 102187i 

------------------------------------------------------------------------

Row_Buffer_Locality = 0.872206
Row_Buffer_Locality_read = 0.872206
Row_Buffer_Locality_write = -nan
Bank_Level_Parallism = 3.404474
Bank_Level_Parallism_Col = 2.605063
Bank_Level_Parallism_Ready = 1.681869
write_to_read_ratio_blp_rw_average = 0.000000
GrpLevelPara = 2.244177 

BW Util details:
bwutil = 0.065735 
total_CMD = 106184 
util_bw = 6980 
Wasted_Col = 1339 
Wasted_Row = 217 
Idle = 97648 

BW Util Bottlenecks: 
RCDc_limit = 1414 
RCDWRc_limit = 0 
WTRc_limit = 0 
RTWc_limit = 0 
CCDLc_limit = 637 
rwq = 0 
CCDLc_limit_alone = 637 
WTRc_limit_alone = 0 
RTWc_limit_alone = 0 

Commands details: 
total_CMD = 106184 
n_nop = 104024 
Read = 1745 
Write = 0 
L2_Alloc = 0 
L2_WB = 0 
n_act = 223 
n_pre = 213 
n_ref = 0 
n_req = 1745 
total_req = 1745 

Dual Bus Interface Util: 
issued_total_row = 436 
issued_total_col = 1745 
Row_Bus_Util =  0.004106 
CoL_Bus_Util = 0.016434 
Either_Row_CoL_Bus_Util = 0.020342 
Issued_on_Two_Bus_Simul_Util = 0.000198 
issued_two_Eff = 0.009722 
queue_avg = 0.637563 


dram_util_bins: 0 0 0 0 0 0 0 0 0 0
dram_eff_bins: 0 0 0 0 0 0 0 0 0 0
mrqq: max=30 avg=0.637563
Memory Partition 1: 
Cache L2_bank_002:
MSHR contents

Cache L2_bank_003:
MSHR contents

In Dram Latency Queue (total = 0): 
DRAM[1]: 16 bks, busW=2 BL=16 CL=24, tRRD=12 tCCD=4, tRCD=24 tRAS=55 tRP=24 tRC=78
n_cmd=106184 n_nop=104042 n_act=219 n_pre=209 n_ref_event=0 n_req=1736 n_rd=1736 n_rd_L2_A=0 n_write=0 n_wr_bk=0 bw_util=0.0654
n_activity=10044 dram_eff=0.6914
bk0: 144a 103049i bk1: 144a 103025i bk2: 0a 106026i bk3: 0a 106088i bk4: 0a 106150i bk5: 0a 106193i bk6: 0a 106229i bk7: 0a 106262i bk8: 24a 106139i bk9: 24a 106241i bk10: 212a 104037i bk11: 212a 103548i bk12: 240a 102847i bk13: 240a 102089i bk14: 248a 102048i bk15: 248a 102018i 

------------------------------------------------------------------------

Row_Buffer_Locality = 0.873848
Row_Buffer_Locality_read = 0.873848
Row_Buffer_Locality_write = -nan
Bank_Level_Parallism = 3.310488
Bank_Level_Parallism_Col = 2.688273
Bank_Level_Parallism_Ready = 1.873446
write_to_read_ratio_blp_rw_average = 0.000000
GrpLevelPara = 2.269889 

BW Util details:
bwutil = 0.065396 
total_CMD = 106184 
util_bw = 6944 
Wasted_Col = 1598 
Wasted_Row = 477 
Idle = 97165 

BW Util Bottlenecks: 
RCDc_limit = 1739 
RCDWRc_limit = 0 
WTRc_limit = 0 
RTWc_limit = 0 
CCDLc_limit = 601 
rwq = 0 
CCDLc_limit_alone = 601 
WTRc_limit_alone = 0 
RTWc_limit_alone = 0 

Commands details: 
total_CMD = 106184 
n_nop = 104042 
Read = 1736 
Write = 0 
L2_Alloc = 0 
L2_WB = 0 
n_act = 219 
n_pre = 209 
n_ref = 0 
n_req = 1736 
total_req = 1736 

Dual Bus Interface Util: 
issued_total_row = 428 
issued_total_col = 1736 
Row_Bus_Util =  0.004031 
CoL_Bus_Util = 0.016349 
Either_Row_CoL_Bus_Util = 0.020173 
Issued_on_Two_Bus_Simul_Util = 0.000207 
issued_two_Eff = 0.010271 
queue_avg = 0.727143 


dram_util_bins: 0 0 0 0 0 0 0 0 0 0
dram_eff_bins: 0 0 0 0 0 0 0 0 0 0
mrqq: max=58 avg=0.727143
Memory Partition 2: 
Memory Sub Parition 4: pending memory requests:
  mf: uid=3066394, sid52:w00, part=2, addr=0x7e8ce2a7b340, load , size=32, INST     status = IN_PARTITION_DRAM_LATENCY_QUEUE (18938), 
  mf: uid=3066392, sid52:w00, part=2, addr=0x7e8ce2a7b300, load , size=32, INST     status = IN_PARTITION_DRAM_LATENCY_QUEUE (18936), 
  mf: uid=3066393, sid52:w00, part=2, addr=0x7e8ce2a7b320, load , size=32, INST     status = IN_PARTITION_DRAM_LATENCY_QUEUE (18937), 
  mf: uid=3066395, sid52:w00, part=2, addr=0x7e8ce2a7b360, load , size=32, INST     status = IN_PARTITION_DRAM_LATENCY_QUEUE (18939), 
Cache L2_bank_004:
MSHR contents
MSHR: tag=0xe2a7b360, atomic=0 1 entries : 0x56411b5f5b50 :  mf: uid=3066395, sid52:w00, part=2, addr=0x7e8ce2a7b360, load , size=32, INST     status = IN_PARTITION_DRAM_LATENCY_QUEUE (18939), 
MSHR: tag=0xe2a7b340, atomic=0 1 entries : 0x564113dccfa0 :  mf: uid=3066394, sid52:w00, part=2, addr=0x7e8ce2a7b340, load , size=32, INST     status = IN_PARTITION_DRAM_LATENCY_QUEUE (18938), 
MSHR: tag=0xe2a7b320, atomic=0 1 entries : 0x564119b49930 :  mf: uid=3066393, sid52:w00, part=2, addr=0x7e8ce2a7b320, load , size=32, INST     status = IN_PARTITION_DRAM_LATENCY_QUEUE (18937), 
MSHR: tag=0xe2a7b300, atomic=0 1 entries : 0x564116d2ed80 :  mf: uid=3066392, sid52:w00, part=2, addr=0x7e8ce2a7b300, load , size=32, INST     status = IN_PARTITION_DRAM_LATENCY_QUEUE (18936), 

Cache L2_bank_005:
MSHR contents

In Dram Latency Queue (total = 4): 
Ready @ 19191 -   mf: uid=3066392, sid52:w00, part=2, addr=0x7e8ce2a7b300, load , size=32, INST     status = IN_PARTITION_DRAM_LATENCY_QUEUE (18936), 
Ready @ 19192 -   mf: uid=3066393, sid52:w00, part=2, addr=0x7e8ce2a7b320, load , size=32, INST     status = IN_PARTITION_DRAM_LATENCY_QUEUE (18937), 
Ready @ 19193 -   mf: uid=3066394, sid52:w00, part=2, addr=0x7e8ce2a7b340, load , size=32, INST     status = IN_PARTITION_DRAM_LATENCY_QUEUE (18938), 
Ready @ 19194 -   mf: uid=3066395, sid52:w00, part=2, addr=0x7e8ce2a7b360, load , size=32, INST     status = IN_PARTITION_DRAM_LATENCY_QUEUE (18939), 
DRAM[2]: 16 bks, busW=2 BL=16 CL=24, tRRD=12 tCCD=4, tRCD=24 tRAS=55 tRP=24 tRC=78
n_cmd=106184 n_nop=104056 n_act=221 n_pre=211 n_ref_event=0 n_req=1728 n_rd=1728 n_rd_L2_A=0 n_write=0 n_wr_bk=0 bw_util=0.06509
n_activity=9396 dram_eff=0.7356
bk0: 144a 102730i bk1: 144a 103315i bk2: 0a 106040i bk3: 0a 106104i bk4: 0a 106169i bk5: 0a 106209i bk6: 0a 106248i bk7: 0a 106275i bk8: 24a 106232i bk9: 24a 106225i bk10: 212a 103307i bk11: 212a 103661i bk12: 240a 102419i bk13: 240a 102562i bk14: 244a 102449i bk15: 244a 102017i 

------------------------------------------------------------------------

Row_Buffer_Locality = 0.872106
Row_Buffer_Locality_read = 0.872106
Row_Buffer_Locality_write = -nan
Bank_Level_Parallism = 3.557056
Bank_Level_Parallism_Col = 2.809580
Bank_Level_Parallism_Ready = 1.824294
write_to_read_ratio_blp_rw_average = 0.000000
GrpLevelPara = 2.358392 

BW Util details:
bwutil = 0.065095 
total_CMD = 106184 
util_bw = 6912 
Wasted_Col = 1289 
Wasted_Row = 291 
Idle = 97692 

BW Util Bottlenecks: 
RCDc_limit = 1385 
RCDWRc_limit = 0 
WTRc_limit = 0 
RTWc_limit = 0 
CCDLc_limit = 561 
rwq = 0 
CCDLc_limit_alone = 561 
WTRc_limit_alone = 0 
RTWc_limit_alone = 0 

Commands details: 
total_CMD = 106184 
n_nop = 104056 
Read = 1728 
Write = 0 
L2_Alloc = 0 
L2_WB = 0 
n_act = 221 
n_pre = 211 
n_ref = 0 
n_req = 1728 
total_req = 1728 

Dual Bus Interface Util: 
issued_total_row = 432 
issued_total_col = 1728 
Row_Bus_Util =  0.004068 
CoL_Bus_Util = 0.016274 
Either_Row_CoL_Bus_Util = 0.020041 
Issued_on_Two_Bus_Simul_Util = 0.000301 
issued_two_Eff = 0.015038 
queue_avg = 0.981984 


dram_util_bins: 0 0 0 0 0 0 0 0 0 0
dram_eff_bins: 0 0 0 0 0 0 0 0 0 0
mrqq: max=83 avg=0.981984
Memory Partition 3: 
Cache L2_bank_006:
MSHR contents

Cache L2_bank_007:
MSHR contents

In Dram Latency Queue (total = 0): 
DRAM[3]: 16 bks, busW=2 BL=16 CL=24, tRRD=12 tCCD=4, tRCD=24 tRAS=55 tRP=24 tRC=78
n_cmd=106184 n_nop=104065 n_act=205 n_pre=195 n_ref_event=0 n_req=1740 n_rd=1740 n_rd_L2_A=0 n_write=0 n_wr_bk=0 bw_util=0.06555
n_activity=9413 dram_eff=0.7394
bk0: 144a 103612i bk1: 144a 103302i bk2: 0a 106049i bk3: 0a 106100i bk4: 0a 106169i bk5: 0a 106206i bk6: 0a 106245i bk7: 0a 106281i bk8: 24a 106256i bk9: 24a 106265i bk10: 216a 103237i bk11: 212a 103826i bk12: 240a 102679i bk13: 240a 102343i bk14: 248a 102081i bk15: 248a 101670i 

------------------------------------------------------------------------

Row_Buffer_Locality = 0.882184
Row_Buffer_Locality_read = 0.882184
Row_Buffer_Locality_write = -nan
Bank_Level_Parallism = 3.472450
Bank_Level_Parallism_Col = 2.832564
Bank_Level_Parallism_Ready = 1.919708
write_to_read_ratio_blp_rw_average = 0.000000
GrpLevelPara = 2.399102 

BW Util details:
bwutil = 0.065547 
total_CMD = 106184 
util_bw = 6960 
Wasted_Col = 1288 
Wasted_Row = 290 
Idle = 97646 

BW Util Bottlenecks: 
RCDc_limit = 1358 
RCDWRc_limit = 0 
WTRc_limit = 0 
RTWc_limit = 0 
CCDLc_limit = 486 
rwq = 0 
CCDLc_limit_alone = 486 
WTRc_limit_alone = 0 
RTWc_limit_alone = 0 

Commands details: 
total_CMD = 106184 
n_nop = 104065 
Read = 1740 
Write = 0 
L2_Alloc = 0 
L2_WB = 0 
n_act = 205 
n_pre = 195 
n_ref = 0 
n_req = 1740 
total_req = 1740 

Dual Bus Interface Util: 
issued_total_row = 400 
issued_total_col = 1740 
Row_Bus_Util =  0.003767 
CoL_Bus_Util = 0.016387 
Either_Row_CoL_Bus_Util = 0.019956 
Issued_on_Two_Bus_Simul_Util = 0.000198 
issued_two_Eff = 0.009910 
queue_avg = 0.689398 


dram_util_bins: 0 0 0 0 0 0 0 0 0 0
dram_eff_bins: 0 0 0 0 0 0 0 0 0 0
mrqq: max=39 avg=0.689398
Memory Partition 4: 
Cache L2_bank_008:
MSHR contents

Cache L2_bank_009:
MSHR contents

In Dram Latency Queue (total = 0): 
DRAM[4]: 16 bks, busW=2 BL=16 CL=24, tRRD=12 tCCD=4, tRCD=24 tRAS=55 tRP=24 tRC=78
n_cmd=106184 n_nop=103977 n_act=251 n_pre=241 n_ref_event=0 n_req=1744 n_rd=1744 n_rd_L2_A=0 n_write=0 n_wr_bk=0 bw_util=0.0657
n_activity=9265 dram_eff=0.7529
bk0: 142a 103600i bk1: 136a 103163i bk2: 0a 106002i bk3: 0a 106079i bk4: 0a 106152i bk5: 0a 106202i bk6: 0a 106243i bk7: 0a 106284i bk8: 56a 106138i bk9: 56a 106079i bk10: 198a 103420i bk11: 196a 103481i bk12: 240a 102543i bk13: 240a 102383i bk14: 240a 101963i bk15: 240a 101348i 

------------------------------------------------------------------------

Row_Buffer_Locality = 0.856078
Row_Buffer_Locality_read = 0.856078
Row_Buffer_Locality_write = -nan
Bank_Level_Parallism = 3.746682
Bank_Level_Parallism_Col = 2.722686
Bank_Level_Parallism_Ready = 1.733296
write_to_read_ratio_blp_rw_average = 0.000000
GrpLevelPara = 2.301304 

BW Util details:
bwutil = 0.065697 
total_CMD = 106184 
util_bw = 6976 
Wasted_Col = 1172 
Wasted_Row = 182 
Idle = 97854 

BW Util Bottlenecks: 
RCDc_limit = 1404 
RCDWRc_limit = 0 
WTRc_limit = 0 
RTWc_limit = 0 
CCDLc_limit = 567 
rwq = 0 
CCDLc_limit_alone = 567 
WTRc_limit_alone = 0 
RTWc_limit_alone = 0 

Commands details: 
total_CMD = 106184 
n_nop = 103977 
Read = 1744 
Write = 0 
L2_Alloc = 0 
L2_WB = 0 
n_act = 251 
n_pre = 241 
n_ref = 0 
n_req = 1744 
total_req = 1744 

Dual Bus Interface Util: 
issued_total_row = 492 
issued_total_col = 1744 
Row_Bus_Util =  0.004633 
CoL_Bus_Util = 0.016424 
Either_Row_CoL_Bus_Util = 0.020785 
Issued_on_Two_Bus_Simul_Util = 0.000273 
issued_two_Eff = 0.013140 
queue_avg = 0.514974 


dram_util_bins: 0 0 0 0 0 0 0 0 0 0
dram_eff_bins: 0 0 0 0 0 0 0 0 0 0
mrqq: max=21 avg=0.514974
Memory Partition 5: 
Cache L2_bank_010:
MSHR contents

Cache L2_bank_011:
MSHR contents

In Dram Latency Queue (total = 0): 
DRAM[5]: 16 bks, busW=2 BL=16 CL=24, tRRD=12 tCCD=4, tRCD=24 tRAS=55 tRP=24 tRC=78
n_cmd=106184 n_nop=103999 n_act=239 n_pre=229 n_ref_event=0 n_req=1739 n_rd=1739 n_rd_L2_A=0 n_write=0 n_wr_bk=0 bw_util=0.06551
n_activity=9522 dram_eff=0.7305
bk0: 136a 103010i bk1: 136a 103748i bk2: 0a 106033i bk3: 0a 106112i bk4: 0a 106167i bk5: 0a 106201i bk6: 0a 106237i bk7: 0a 106277i bk8: 56a 106107i bk9: 56a 106098i bk10: 199a 103625i bk11: 196a 103548i bk12: 240a 102305i bk13: 240a 101931i bk14: 240a 102043i bk15: 240a 101279i 

------------------------------------------------------------------------

Row_Buffer_Locality = 0.862565
Row_Buffer_Locality_read = 0.862565
Row_Buffer_Locality_write = -nan
Bank_Level_Parallism = 3.739694
Bank_Level_Parallism_Col = 2.846844
Bank_Level_Parallism_Ready = 1.816957
write_to_read_ratio_blp_rw_average = 0.000000
GrpLevelPara = 2.353842 

BW Util details:
bwutil = 0.065509 
total_CMD = 106184 
util_bw = 6956 
Wasted_Col = 1241 
Wasted_Row = 336 
Idle = 97651 

BW Util Bottlenecks: 
RCDc_limit = 1401 
RCDWRc_limit = 0 
WTRc_limit = 0 
RTWc_limit = 0 
CCDLc_limit = 518 
rwq = 0 
CCDLc_limit_alone = 518 
WTRc_limit_alone = 0 
RTWc_limit_alone = 0 

Commands details: 
total_CMD = 106184 
n_nop = 103999 
Read = 1739 
Write = 0 
L2_Alloc = 0 
L2_WB = 0 
n_act = 239 
n_pre = 229 
n_ref = 0 
n_req = 1739 
total_req = 1739 

Dual Bus Interface Util: 
issued_total_row = 468 
issued_total_col = 1739 
Row_Bus_Util =  0.004407 
CoL_Bus_Util = 0.016377 
Either_Row_CoL_Bus_Util = 0.020577 
Issued_on_Two_Bus_Simul_Util = 0.000207 
issued_two_Eff = 0.010069 
queue_avg = 0.768242 


dram_util_bins: 0 0 0 0 0 0 0 0 0 0
dram_eff_bins: 0 0 0 0 0 0 0 0 0 0
mrqq: max=47 avg=0.768242
Memory Partition 6: 
Cache L2_bank_012:
MSHR contents

Cache L2_bank_013:
MSHR contents

In Dram Latency Queue (total = 0): 
DRAM[6]: 16 bks, busW=2 BL=16 CL=24, tRRD=12 tCCD=4, tRCD=24 tRAS=55 tRP=24 tRC=78
n_cmd=106184 n_nop=104054 n_act=211 n_pre=201 n_ref_event=0 n_req=1736 n_rd=1736 n_rd_L2_A=0 n_write=0 n_wr_bk=0 bw_util=0.0654
n_activity=9358 dram_eff=0.742
bk0: 136a 103518i bk1: 136a 103365i bk2: 0a 106037i bk3: 0a 106104i bk4: 0a 106151i bk5: 0a 106193i bk6: 0a 106219i bk7: 0a 106251i bk8: 56a 106051i bk9: 56a 106196i bk10: 196a 104080i bk11: 196a 103863i bk12: 240a 102969i bk13: 240a 102372i bk14: 240a 102176i bk15: 240a 101914i 

------------------------------------------------------------------------

Row_Buffer_Locality = 0.878456
Row_Buffer_Locality_read = 0.878456
Row_Buffer_Locality_write = -nan
Bank_Level_Parallism = 3.485326
Bank_Level_Parallism_Col = 2.697780
Bank_Level_Parallism_Ready = 1.742117
write_to_read_ratio_blp_rw_average = 0.000000
GrpLevelPara = 2.324159 

BW Util details:
bwutil = 0.065396 
total_CMD = 106184 
util_bw = 6944 
Wasted_Col = 1103 
Wasted_Row = 205 
Idle = 97932 

BW Util Bottlenecks: 
RCDc_limit = 1244 
RCDWRc_limit = 0 
WTRc_limit = 0 
RTWc_limit = 0 
CCDLc_limit = 492 
rwq = 0 
CCDLc_limit_alone = 492 
WTRc_limit_alone = 0 
RTWc_limit_alone = 0 

Commands details: 
total_CMD = 106184 
n_nop = 104054 
Read = 1736 
Write = 0 
L2_Alloc = 0 
L2_WB = 0 
n_act = 211 
n_pre = 201 
n_ref = 0 
n_req = 1736 
total_req = 1736 

Dual Bus Interface Util: 
issued_total_row = 412 
issued_total_col = 1736 
Row_Bus_Util =  0.003880 
CoL_Bus_Util = 0.016349 
Either_Row_CoL_Bus_Util = 0.020060 
Issued_on_Two_Bus_Simul_Util = 0.000170 
issued_two_Eff = 0.008451 
queue_avg = 0.652443 


dram_util_bins: 0 0 0 0 0 0 0 0 0 0
dram_eff_bins: 0 0 0 0 0 0 0 0 0 0
mrqq: max=40 avg=0.652443
Memory Partition 7: 
Cache L2_bank_014:
MSHR contents

Cache L2_bank_015:
MSHR contents

In Dram Latency Queue (total = 0): 
DRAM[7]: 16 bks, busW=2 BL=16 CL=24, tRRD=12 tCCD=4, tRCD=24 tRAS=55 tRP=24 tRC=78
n_cmd=106184 n_nop=104040 n_act=222 n_pre=212 n_ref_event=0 n_req=1736 n_rd=1736 n_rd_L2_A=0 n_write=0 n_wr_bk=0 bw_util=0.0654
n_activity=9582 dram_eff=0.7247
bk0: 136a 103360i bk1: 136a 103593i bk2: 0a 106038i bk3: 0a 106108i bk4: 0a 106153i bk5: 0a 106194i bk6: 0a 106233i bk7: 0a 106269i bk8: 56a 106177i bk9: 56a 106007i bk10: 196a 103696i bk11: 196a 103397i bk12: 240a 102723i bk13: 240a 101834i bk14: 240a 102015i bk15: 240a 101829i 

------------------------------------------------------------------------

Row_Buffer_Locality = 0.872120
Row_Buffer_Locality_read = 0.872120
Row_Buffer_Locality_write = -nan
Bank_Level_Parallism = 3.609160
Bank_Level_Parallism_Col = 2.820833
Bank_Level_Parallism_Ready = 1.843856
write_to_read_ratio_blp_rw_average = 0.000000
GrpLevelPara = 2.360547 

BW Util details:
bwutil = 0.065396 
total_CMD = 106184 
util_bw = 6944 
Wasted_Col = 1263 
Wasted_Row = 272 
Idle = 97705 

BW Util Bottlenecks: 
RCDc_limit = 1386 
RCDWRc_limit = 0 
WTRc_limit = 0 
RTWc_limit = 0 
CCDLc_limit = 504 
rwq = 0 
CCDLc_limit_alone = 504 
WTRc_limit_alone = 0 
RTWc_limit_alone = 0 

Commands details: 
total_CMD = 106184 
n_nop = 104040 
Read = 1736 
Write = 0 
L2_Alloc = 0 
L2_WB = 0 
n_act = 222 
n_pre = 212 
n_ref = 0 
n_req = 1736 
total_req = 1736 

Dual Bus Interface Util: 
issued_total_row = 434 
issued_total_col = 1736 
Row_Bus_Util =  0.004087 
CoL_Bus_Util = 0.016349 
Either_Row_CoL_Bus_Util = 0.020191 
Issued_on_Two_Bus_Simul_Util = 0.000245 
issued_two_Eff = 0.012127 
queue_avg = 0.702366 


dram_util_bins: 0 0 0 0 0 0 0 0 0 0
dram_eff_bins: 0 0 0 0 0 0 0 0 0 0
mrqq: max=41 avg=0.702366
Memory Partition 8: 
Cache L2_bank_016:
MSHR contents

Cache L2_bank_017:
MSHR contents

In Dram Latency Queue (total = 0): 
DRAM[8]: 16 bks, busW=2 BL=16 CL=24, tRRD=12 tCCD=4, tRCD=24 tRAS=55 tRP=24 tRC=78
n_cmd=106184 n_nop=104142 n_act=208 n_pre=198 n_ref_event=0 n_req=1660 n_rd=1660 n_rd_L2_A=0 n_write=0 n_wr_bk=0 bw_util=0.06253
n_activity=9130 dram_eff=0.7273
bk0: 124a 103668i bk1: 124a 104025i bk2: 0a 106052i bk3: 0a 106115i bk4: 0a 106154i bk5: 0a 106196i bk6: 0a 106231i bk7: 0a 106266i bk8: 24a 106240i bk9: 24a 106244i bk10: 200a 103658i bk11: 196a 103616i bk12: 240a 102813i bk13: 240a 102373i bk14: 244a 102110i bk15: 244a 102557i 

------------------------------------------------------------------------

Row_Buffer_Locality = 0.874699
Row_Buffer_Locality_read = 0.874699
Row_Buffer_Locality_write = -nan
Bank_Level_Parallism = 3.436243
Bank_Level_Parallism_Col = 2.662907
Bank_Level_Parallism_Ready = 1.704880
write_to_read_ratio_blp_rw_average = 0.000000
GrpLevelPara = 2.326640 

BW Util details:
bwutil = 0.062533 
total_CMD = 106184 
util_bw = 6640 
Wasted_Col = 1207 
Wasted_Row = 281 
Idle = 98056 

BW Util Bottlenecks: 
RCDc_limit = 1346 
RCDWRc_limit = 0 
WTRc_limit = 0 
RTWc_limit = 0 
CCDLc_limit = 517 
rwq = 0 
CCDLc_limit_alone = 517 
WTRc_limit_alone = 0 
RTWc_limit_alone = 0 

Commands details: 
total_CMD = 106184 
n_nop = 104142 
Read = 1660 
Write = 0 
L2_Alloc = 0 
L2_WB = 0 
n_act = 208 
n_pre = 198 
n_ref = 0 
n_req = 1660 
total_req = 1660 

Dual Bus Interface Util: 
issued_total_row = 406 
issued_total_col = 1660 
Row_Bus_Util =  0.003824 
CoL_Bus_Util = 0.015633 
Either_Row_CoL_Bus_Util = 0.019231 
Issued_on_Two_Bus_Simul_Util = 0.000226 
issued_two_Eff = 0.011753 
queue_avg = 0.636508 


dram_util_bins: 0 0 0 0 0 0 0 0 0 0
dram_eff_bins: 0 0 0 0 0 0 0 0 0 0
mrqq: max=36 avg=0.636508
Memory Partition 9: 
Cache L2_bank_018:
MSHR contents

Cache L2_bank_019:
MSHR contents

In Dram Latency Queue (total = 0): 
DRAM[9]: 16 bks, busW=2 BL=16 CL=24, tRRD=12 tCCD=4, tRCD=24 tRAS=55 tRP=24 tRC=78
n_cmd=106184 n_nop=104155 n_act=206 n_pre=196 n_ref_event=0 n_req=1648 n_rd=1648 n_rd_L2_A=0 n_write=0 n_wr_bk=0 bw_util=0.06208
n_activity=8899 dram_eff=0.7408
bk0: 124a 103576i bk1: 124a 103789i bk2: 0a 106044i bk3: 0a 106090i bk4: 0a 106145i bk5: 0a 106186i bk6: 0a 106220i bk7: 0a 106248i bk8: 24a 106235i bk9: 24a 106254i bk10: 196a 103998i bk11: 196a 103833i bk12: 240a 102864i bk13: 240a 102213i bk14: 240a 102499i bk15: 240a 102171i 

------------------------------------------------------------------------

Row_Buffer_Locality = 0.875000
Row_Buffer_Locality_read = 0.875000
Row_Buffer_Locality_write = -nan
Bank_Level_Parallism = 3.498130
Bank_Level_Parallism_Col = 2.702631
Bank_Level_Parallism_Ready = 1.757449
write_to_read_ratio_blp_rw_average = 0.000000
GrpLevelPara = 2.318421 

BW Util details:
bwutil = 0.062081 
total_CMD = 106184 
util_bw = 6592 
Wasted_Col = 1079 
Wasted_Row = 193 
Idle = 98320 

BW Util Bottlenecks: 
RCDc_limit = 1199 
RCDWRc_limit = 0 
WTRc_limit = 0 
RTWc_limit = 0 
CCDLc_limit = 502 
rwq = 0 
CCDLc_limit_alone = 502 
WTRc_limit_alone = 0 
RTWc_limit_alone = 0 

Commands details: 
total_CMD = 106184 
n_nop = 104155 
Read = 1648 
Write = 0 
L2_Alloc = 0 
L2_WB = 0 
n_act = 206 
n_pre = 196 
n_ref = 0 
n_req = 1648 
total_req = 1648 

Dual Bus Interface Util: 
issued_total_row = 402 
issued_total_col = 1648 
Row_Bus_Util =  0.003786 
CoL_Bus_Util = 0.015520 
Either_Row_CoL_Bus_Util = 0.019108 
Issued_on_Two_Bus_Simul_Util = 0.000198 
issued_two_Eff = 0.010350 
queue_avg = 0.725863 


dram_util_bins: 0 0 0 0 0 0 0 0 0 0
dram_eff_bins: 0 0 0 0 0 0 0 0 0 0
mrqq: max=48 avg=0.725863
Memory Partition 10: 
Cache L2_bank_020:
MSHR contents

Cache L2_bank_021:
MSHR contents

In Dram Latency Queue (total = 0): 
DRAM[10]: 16 bks, busW=2 BL=16 CL=24, tRRD=12 tCCD=4, tRCD=24 tRAS=55 tRP=24 tRC=78
n_cmd=106184 n_nop=105046 n_act=22 n_pre=12 n_ref_event=0 n_req=1104 n_rd=1104 n_rd_L2_A=0 n_write=0 n_wr_bk=0 bw_util=0.04159
n_activity=7612 dram_eff=0.5801
bk0: 96a 105668i bk1: 96a 105614i bk2: 0a 106178i bk3: 0a 106179i bk4: 0a 106182i bk5: 0a 106185i bk6: 0a 106186i bk7: 0a 106188i bk8: 12a 106155i bk9: 12a 106157i bk10: 116a 105739i bk11: 116a 105740i bk12: 160a 105543i bk13: 160a 105134i bk14: 168a 105476i bk15: 168a 105150i 

------------------------------------------------------------------------

Row_Buffer_Locality = 0.980072
Row_Buffer_Locality_read = 0.980072
Row_Buffer_Locality_write = -nan
Bank_Level_Parallism = 1.645655
Bank_Level_Parallism_Col = 1.655851
Bank_Level_Parallism_Ready = 1.354167
write_to_read_ratio_blp_rw_average = 0.000000
GrpLevelPara = 1.593617 

BW Util details:
bwutil = 0.041588 
total_CMD = 106184 
util_bw = 4416 
Wasted_Col = 581 
Wasted_Row = 186 
Idle = 101001 

BW Util Bottlenecks: 
RCDc_limit = 357 
RCDWRc_limit = 0 
WTRc_limit = 0 
RTWc_limit = 0 
CCDLc_limit = 295 
rwq = 0 
CCDLc_limit_alone = 295 
WTRc_limit_alone = 0 
RTWc_limit_alone = 0 

Commands details: 
total_CMD = 106184 
n_nop = 105046 
Read = 1104 
Write = 0 
L2_Alloc = 0 
L2_WB = 0 
n_act = 22 
n_pre = 12 
n_ref = 0 
n_req = 1104 
total_req = 1104 

Dual Bus Interface Util: 
issued_total_row = 34 
issued_total_col = 1104 
Row_Bus_Util =  0.000320 
CoL_Bus_Util = 0.010397 
Either_Row_CoL_Bus_Util = 0.010717 
Issued_on_Two_Bus_Simul_Util = 0.000000 
issued_two_Eff = 0.000000 
queue_avg = 0.099798 


dram_util_bins: 0 0 0 0 0 0 0 0 0 0
dram_eff_bins: 0 0 0 0 0 0 0 0 0 0
mrqq: max=17 avg=0.0997985
Memory Partition 11: 
Cache L2_bank_022:
MSHR contents

Cache L2_bank_023:
MSHR contents

In Dram Latency Queue (total = 0): 
DRAM[11]: 16 bks, busW=2 BL=16 CL=24, tRRD=12 tCCD=4, tRCD=24 tRAS=55 tRP=24 tRC=78
n_cmd=106184 n_nop=105050 n_act=22 n_pre=12 n_ref_event=0 n_req=1100 n_rd=1100 n_rd_L2_A=0 n_write=0 n_wr_bk=0 bw_util=0.04144
n_activity=7689 dram_eff=0.5722
bk0: 96a 105543i bk1: 96a 105355i bk2: 0a 106173i bk3: 0a 106176i bk4: 0a 106180i bk5: 0a 106182i bk6: 0a 106184i bk7: 0a 106189i bk8: 12a 106166i bk9: 12a 106162i bk10: 116a 105667i bk11: 116a 105589i bk12: 160a 105375i bk13: 160a 105087i bk14: 164a 105414i bk15: 168a 105289i 

------------------------------------------------------------------------

Row_Buffer_Locality = 0.980000
Row_Buffer_Locality_read = 0.980000
Row_Buffer_Locality_write = -nan
Bank_Level_Parallism = 1.831743
Bank_Level_Parallism_Col = 1.840993
Bank_Level_Parallism_Ready = 1.415455
write_to_read_ratio_blp_rw_average = 0.000000
GrpLevelPara = 1.738510 

BW Util details:
bwutil = 0.041438 
total_CMD = 106184 
util_bw = 4400 
Wasted_Col = 536 
Wasted_Row = 161 
Idle = 101087 

BW Util Bottlenecks: 
RCDc_limit = 346 
RCDWRc_limit = 0 
WTRc_limit = 0 
RTWc_limit = 0 
CCDLc_limit = 241 
rwq = 0 
CCDLc_limit_alone = 241 
WTRc_limit_alone = 0 
RTWc_limit_alone = 0 

Commands details: 
total_CMD = 106184 
n_nop = 105050 
Read = 1100 
Write = 0 
L2_Alloc = 0 
L2_WB = 0 
n_act = 22 
n_pre = 12 
n_ref = 0 
n_req = 1100 
total_req = 1100 

Dual Bus Interface Util: 
issued_total_row = 34 
issued_total_col = 1100 
Row_Bus_Util =  0.000320 
CoL_Bus_Util = 0.010359 
Either_Row_CoL_Bus_Util = 0.010680 
Issued_on_Two_Bus_Simul_Util = 0.000000 
issued_two_Eff = 0.000000 
queue_avg = 0.075548 


dram_util_bins: 0 0 0 0 0 0 0 0 0 0
dram_eff_bins: 0 0 0 0 0 0 0 0 0 0
mrqq: max=10 avg=0.0755481
Memory Partition 12: 
Cache L2_bank_024:
MSHR contents

Cache L2_bank_025:
MSHR contents

In Dram Latency Queue (total = 0): 
DRAM[12]: 16 bks, busW=2 BL=16 CL=24, tRRD=12 tCCD=4, tRCD=24 tRAS=55 tRP=24 tRC=78
n_cmd=106184 n_nop=105528 n_act=16 n_pre=8 n_ref_event=0 n_req=632 n_rd=632 n_rd_L2_A=0 n_write=0 n_wr_bk=0 bw_util=0.02381
n_activity=5436 dram_eff=0.465
bk0: 52a 106020i bk1: 52a 106077i bk2: 0a 106178i bk3: 0a 106180i bk4: 0a 106183i bk5: 0a 106183i bk6: 0a 106186i bk7: 0a 106186i bk8: 0a 106187i bk9: 0a 106190i bk10: 100a 105917i bk11: 100a 105957i bk12: 128a 105820i bk13: 128a 105709i bk14: 36a 105952i bk15: 36a 105898i 

------------------------------------------------------------------------

Row_Buffer_Locality = 0.974684
Row_Buffer_Locality_read = 0.974684
Row_Buffer_Locality_write = -nan
Bank_Level_Parallism = 1.279102
Bank_Level_Parallism_Col = 1.269521
Bank_Level_Parallism_Ready = 1.094937
write_to_read_ratio_blp_rw_average = 0.000000
GrpLevelPara = 1.253400 

BW Util details:
bwutil = 0.023808 
total_CMD = 106184 
util_bw = 2528 
Wasted_Col = 521 
Wasted_Row = 136 
Idle = 102999 

BW Util Bottlenecks: 
RCDc_limit = 328 
RCDWRc_limit = 0 
WTRc_limit = 0 
RTWc_limit = 0 
CCDLc_limit = 252 
rwq = 0 
CCDLc_limit_alone = 252 
WTRc_limit_alone = 0 
RTWc_limit_alone = 0 

Commands details: 
total_CMD = 106184 
n_nop = 105528 
Read = 632 
Write = 0 
L2_Alloc = 0 
L2_WB = 0 
n_act = 16 
n_pre = 8 
n_ref = 0 
n_req = 632 
total_req = 632 

Dual Bus Interface Util: 
issued_total_row = 24 
issued_total_col = 632 
Row_Bus_Util =  0.000226 
CoL_Bus_Util = 0.005952 
Either_Row_CoL_Bus_Util = 0.006178 
Issued_on_Two_Bus_Simul_Util = 0.000000 
issued_two_Eff = 0.000000 
queue_avg = 0.021613 


dram_util_bins: 0 0 0 0 0 0 0 0 0 0
dram_eff_bins: 0 0 0 0 0 0 0 0 0 0
mrqq: max=7 avg=0.0216134
Memory Partition 13: 
Cache L2_bank_026:
MSHR contents

Cache L2_bank_027:
MSHR contents

In Dram Latency Queue (total = 0): 
DRAM[13]: 16 bks, busW=2 BL=16 CL=24, tRRD=12 tCCD=4, tRCD=24 tRAS=55 tRP=24 tRC=78
n_cmd=106184 n_nop=105528 n_act=16 n_pre=8 n_ref_event=0 n_req=632 n_rd=632 n_rd_L2_A=0 n_write=0 n_wr_bk=0 bw_util=0.02381
n_activity=5371 dram_eff=0.4707
bk0: 52a 106085i bk1: 52a 106008i bk2: 0a 106177i bk3: 0a 106177i bk4: 0a 106179i bk5: 0a 106181i bk6: 0a 106186i bk7: 0a 106188i bk8: 0a 106190i bk9: 0a 106191i bk10: 100a 105940i bk11: 100a 105891i bk12: 128a 105829i bk13: 128a 105745i bk14: 36a 105955i bk15: 36a 105977i 

------------------------------------------------------------------------

Row_Buffer_Locality = 0.974684
Row_Buffer_Locality_read = 0.974684
Row_Buffer_Locality_write = -nan
Bank_Level_Parallism = 1.266413
Bank_Level_Parallism_Col = 1.250512
Bank_Level_Parallism_Ready = 1.079114
write_to_read_ratio_blp_rw_average = 0.000000
GrpLevelPara = 1.230021 

BW Util details:
bwutil = 0.023808 
total_CMD = 106184 
util_bw = 2528 
Wasted_Col = 504 
Wasted_Row = 128 
Idle = 103024 

BW Util Bottlenecks: 
RCDc_limit = 329 
RCDWRc_limit = 0 
WTRc_limit = 0 
RTWc_limit = 0 
CCDLc_limit = 233 
rwq = 0 
CCDLc_limit_alone = 233 
WTRc_limit_alone = 0 
RTWc_limit_alone = 0 

Commands details: 
total_CMD = 106184 
n_nop = 105528 
Read = 632 
Write = 0 
L2_Alloc = 0 
L2_WB = 0 
n_act = 16 
n_pre = 8 
n_ref = 0 
n_req = 632 
total_req = 632 

Dual Bus Interface Util: 
issued_total_row = 24 
issued_total_col = 632 
Row_Bus_Util =  0.000226 
CoL_Bus_Util = 0.005952 
Either_Row_CoL_Bus_Util = 0.006178 
Issued_on_Two_Bus_Simul_Util = 0.000000 
issued_two_Eff = 0.000000 
queue_avg = 0.018732 


dram_util_bins: 0 0 0 0 0 0 0 0 0 0
dram_eff_bins: 0 0 0 0 0 0 0 0 0 0
mrqq: max=7 avg=0.0187316
Memory Partition 14: 
Cache L2_bank_028:
MSHR contents

Cache L2_bank_029:
MSHR contents

In Dram Latency Queue (total = 0): 
DRAM[14]: 16 bks, busW=2 BL=16 CL=24, tRRD=12 tCCD=4, tRCD=24 tRAS=55 tRP=24 tRC=78
n_cmd=106184 n_nop=105528 n_act=16 n_pre=8 n_ref_event=0 n_req=632 n_rd=632 n_rd_L2_A=0 n_write=0 n_wr_bk=0 bw_util=0.02381
n_activity=5088 dram_eff=0.4969
bk0: 52a 106085i bk1: 52a 106075i bk2: 0a 106175i bk3: 0a 106179i bk4: 0a 106184i bk5: 0a 106185i bk6: 0a 106187i bk7: 0a 106188i bk8: 0a 106190i bk9: 0a 106190i bk10: 100a 105703i bk11: 100a 105646i bk12: 128a 105478i bk13: 128a 105315i bk14: 36a 105933i bk15: 36a 105946i 

------------------------------------------------------------------------

Row_Buffer_Locality = 0.974684
Row_Buffer_Locality_read = 0.974684
Row_Buffer_Locality_write = -nan
Bank_Level_Parallism = 1.723329
Bank_Level_Parallism_Col = 1.740671
Bank_Level_Parallism_Ready = 1.368671
write_to_read_ratio_blp_rw_average = 0.000000
GrpLevelPara = 1.731696 

BW Util details:
bwutil = 0.023808 
total_CMD = 106184 
util_bw = 2528 
Wasted_Col = 491 
Wasted_Row = 99 
Idle = 103066 

BW Util Bottlenecks: 
RCDc_limit = 287 
RCDWRc_limit = 0 
WTRc_limit = 0 
RTWc_limit = 0 
CCDLc_limit = 230 
rwq = 0 
CCDLc_limit_alone = 230 
WTRc_limit_alone = 0 
RTWc_limit_alone = 0 

Commands details: 
total_CMD = 106184 
n_nop = 105528 
Read = 632 
Write = 0 
L2_Alloc = 0 
L2_WB = 0 
n_act = 16 
n_pre = 8 
n_ref = 0 
n_req = 632 
total_req = 632 

Dual Bus Interface Util: 
issued_total_row = 24 
issued_total_col = 632 
Row_Bus_Util =  0.000226 
CoL_Bus_Util = 0.005952 
Either_Row_CoL_Bus_Util = 0.006178 
Issued_on_Two_Bus_Simul_Util = 0.000000 
issued_two_Eff = 0.000000 
queue_avg = 0.161879 


dram_util_bins: 0 0 0 0 0 0 0 0 0 0
dram_eff_bins: 0 0 0 0 0 0 0 0 0 0
mrqq: max=39 avg=0.161879
Memory Partition 15: 
Cache L2_bank_030:
MSHR contents

Cache L2_bank_031:
MSHR contents

In Dram Latency Queue (total = 0): 
DRAM[15]: 16 bks, busW=2 BL=16 CL=24, tRRD=12 tCCD=4, tRCD=24 tRAS=55 tRP=24 tRC=78
n_cmd=106184 n_nop=105528 n_act=16 n_pre=8 n_ref_event=0 n_req=632 n_rd=632 n_rd_L2_A=0 n_write=0 n_wr_bk=0 bw_util=0.02381
n_activity=5392 dram_eff=0.4688
bk0: 52a 106106i bk1: 52a 106118i bk2: 0a 106176i bk3: 0a 106180i bk4: 0a 106183i bk5: 0a 106184i bk6: 0a 106184i bk7: 0a 106184i bk8: 0a 106186i bk9: 0a 106189i bk10: 100a 105697i bk11: 100a 105740i bk12: 128a 105803i bk13: 128a 105350i bk14: 36a 105944i bk15: 36a 105972i 

------------------------------------------------------------------------

Row_Buffer_Locality = 0.974684
Row_Buffer_Locality_read = 0.974684
Row_Buffer_Locality_write = -nan
Bank_Level_Parallism = 1.595916
Bank_Level_Parallism_Col = 1.602949
Bank_Level_Parallism_Ready = 1.259494
write_to_read_ratio_blp_rw_average = 0.000000
GrpLevelPara = 1.578546 

BW Util details:
bwutil = 0.023808 
total_CMD = 106184 
util_bw = 2528 
Wasted_Col = 483 
Wasted_Row = 114 
Idle = 103059 

BW Util Bottlenecks: 
RCDc_limit = 328 
RCDWRc_limit = 0 
WTRc_limit = 0 
RTWc_limit = 0 
CCDLc_limit = 176 
rwq = 0 
CCDLc_limit_alone = 176 
WTRc_limit_alone = 0 
RTWc_limit_alone = 0 

Commands details: 
total_CMD = 106184 
n_nop = 105528 
Read = 632 
Write = 0 
L2_Alloc = 0 
L2_WB = 0 
n_act = 16 
n_pre = 8 
n_ref = 0 
n_req = 632 
total_req = 632 

Dual Bus Interface Util: 
issued_total_row = 24 
issued_total_col = 632 
Row_Bus_Util =  0.000226 
CoL_Bus_Util = 0.005952 
Either_Row_CoL_Bus_Util = 0.006178 
Issued_on_Two_Bus_Simul_Util = 0.000000 
issued_two_Eff = 0.000000 
queue_avg = 0.055922 


dram_util_bins: 0 0 0 0 0 0 0 0 0 0
dram_eff_bins: 0 0 0 0 0 0 0 0 0 0
mrqq: max=12 avg=0.0559218
Memory Partition 16: 
Cache L2_bank_032:
MSHR contents

Cache L2_bank_033:
MSHR contents

In Dram Latency Queue (total = 0): 
DRAM[16]: 16 bks, busW=2 BL=16 CL=24, tRRD=12 tCCD=4, tRCD=24 tRAS=55 tRP=24 tRC=78
n_cmd=106184 n_nop=105647 n_act=22 n_pre=12 n_ref_event=0 n_req=504 n_rd=504 n_rd_L2_A=0 n_write=0 n_wr_bk=0 bw_util=0.01899
n_activity=5110 dram_eff=0.3945
bk0: 44a 105887i bk1: 44a 105908i bk2: 0a 106173i bk3: 0a 106176i bk4: 0a 106183i bk5: 0a 106185i bk6: 0a 106186i bk7: 0a 106187i bk8: 12a 106159i bk9: 12a 106158i bk10: 32a 106075i bk11: 32a 106057i bk12: 32a 106070i bk13: 32a 106050i bk14: 132a 105695i bk15: 132a 105735i 

------------------------------------------------------------------------

Row_Buffer_Locality = 0.956349
Row_Buffer_Locality_read = 0.956349
Row_Buffer_Locality_write = -nan
Bank_Level_Parallism = 1.349788
Bank_Level_Parallism_Col = 1.298481
Bank_Level_Parallism_Ready = 1.132673
write_to_read_ratio_blp_rw_average = 0.000000
GrpLevelPara = 1.292056 

BW Util details:
bwutil = 0.018986 
total_CMD = 106184 
util_bw = 2016 
Wasted_Col = 571 
Wasted_Row = 146 
Idle = 103451 

BW Util Bottlenecks: 
RCDc_limit = 428 
RCDWRc_limit = 0 
WTRc_limit = 0 
RTWc_limit = 0 
CCDLc_limit = 173 
rwq = 0 
CCDLc_limit_alone = 173 
WTRc_limit_alone = 0 
RTWc_limit_alone = 0 

Commands details: 
total_CMD = 106184 
n_nop = 105647 
Read = 504 
Write = 0 
L2_Alloc = 0 
L2_WB = 0 
n_act = 22 
n_pre = 12 
n_ref = 0 
n_req = 504 
total_req = 504 

Dual Bus Interface Util: 
issued_total_row = 34 
issued_total_col = 504 
Row_Bus_Util =  0.000320 
CoL_Bus_Util = 0.004746 
Either_Row_CoL_Bus_Util = 0.005057 
Issued_on_Two_Bus_Simul_Util = 0.000009 
issued_two_Eff = 0.001862 
queue_avg = 0.023280 


dram_util_bins: 0 0 0 0 0 0 0 0 0 0
dram_eff_bins: 0 0 0 0 0 0 0 0 0 0
mrqq: max=10 avg=0.0232803
Memory Partition 17: 
Cache L2_bank_034:
MSHR contents

Cache L2_bank_035:
MSHR contents

In Dram Latency Queue (total = 0): 
DRAM[17]: 16 bks, busW=2 BL=16 CL=24, tRRD=12 tCCD=4, tRCD=24 tRAS=55 tRP=24 tRC=78
n_cmd=106184 n_nop=105646 n_act=22 n_pre=12 n_ref_event=0 n_req=504 n_rd=504 n_rd_L2_A=0 n_write=0 n_wr_bk=0 bw_util=0.01899
n_activity=4957 dram_eff=0.4067
bk0: 44a 105929i bk1: 44a 105921i bk2: 0a 106176i bk3: 0a 106178i bk4: 0a 106181i bk5: 0a 106184i bk6: 0a 106185i bk7: 0a 106187i bk8: 12a 106156i bk9: 12a 106158i bk10: 32a 106012i bk11: 32a 106043i bk12: 32a 106079i bk13: 32a 106054i bk14: 132a 105727i bk15: 132a 105708i 

------------------------------------------------------------------------

Row_Buffer_Locality = 0.956349
Row_Buffer_Locality_read = 0.956349
Row_Buffer_Locality_write = -nan
Bank_Level_Parallism = 1.317124
Bank_Level_Parallism_Col = 1.302531
Bank_Level_Parallism_Ready = 1.138889
write_to_read_ratio_blp_rw_average = 0.000000
GrpLevelPara = 1.287228 

BW Util details:
bwutil = 0.018986 
total_CMD = 106184 
util_bw = 2016 
Wasted_Col = 561 
Wasted_Row = 204 
Idle = 103403 

BW Util Bottlenecks: 
RCDc_limit = 444 
RCDWRc_limit = 0 
WTRc_limit = 0 
RTWc_limit = 0 
CCDLc_limit = 173 
rwq = 0 
CCDLc_limit_alone = 173 
WTRc_limit_alone = 0 
RTWc_limit_alone = 0 

Commands details: 
total_CMD = 106184 
n_nop = 105646 
Read = 504 
Write = 0 
L2_Alloc = 0 
L2_WB = 0 
n_act = 22 
n_pre = 12 
n_ref = 0 
n_req = 504 
total_req = 504 

Dual Bus Interface Util: 
issued_total_row = 34 
issued_total_col = 504 
Row_Bus_Util =  0.000320 
CoL_Bus_Util = 0.004746 
Either_Row_CoL_Bus_Util = 0.005067 
Issued_on_Two_Bus_Simul_Util = 0.000000 
issued_two_Eff = 0.000000 
queue_avg = 0.016782 


dram_util_bins: 0 0 0 0 0 0 0 0 0 0
dram_eff_bins: 0 0 0 0 0 0 0 0 0 0
mrqq: max=6 avg=0.0167822
Memory Partition 18: 
Cache L2_bank_036:
MSHR contents

Cache L2_bank_037:
MSHR contents

In Dram Latency Queue (total = 0): 
DRAM[18]: 16 bks, busW=2 BL=16 CL=24, tRRD=12 tCCD=4, tRCD=24 tRAS=55 tRP=24 tRC=78
n_cmd=106184 n_nop=105650 n_act=20 n_pre=10 n_ref_event=0 n_req=504 n_rd=504 n_rd_L2_A=0 n_write=0 n_wr_bk=0 bw_util=0.01899
n_activity=4841 dram_eff=0.4164
bk0: 44a 105939i bk1: 44a 105987i bk2: 0a 106170i bk3: 0a 106177i bk4: 0a 106181i bk5: 0a 106184i bk6: 0a 106186i bk7: 0a 106188i bk8: 12a 106163i bk9: 12a 106167i bk10: 32a 106040i bk11: 32a 106048i bk12: 32a 106061i bk13: 32a 106075i bk14: 132a 105829i bk15: 132a 105780i 

------------------------------------------------------------------------

Row_Buffer_Locality = 0.960317
Row_Buffer_Locality_read = 0.960317
Row_Buffer_Locality_write = -nan
Bank_Level_Parallism = 1.173618
Bank_Level_Parallism_Col = 1.162383
Bank_Level_Parallism_Ready = 1.057540
write_to_read_ratio_blp_rw_average = 0.000000
GrpLevelPara = 1.158878 

BW Util details:
bwutil = 0.018986 
total_CMD = 106184 
util_bw = 2016 
Wasted_Col = 560 
Wasted_Row = 172 
Idle = 103436 

BW Util Bottlenecks: 
RCDc_limit = 411 
RCDWRc_limit = 0 
WTRc_limit = 0 
RTWc_limit = 0 
CCDLc_limit = 177 
rwq = 0 
CCDLc_limit_alone = 177 
WTRc_limit_alone = 0 
RTWc_limit_alone = 0 

Commands details: 
total_CMD = 106184 
n_nop = 105650 
Read = 504 
Write = 0 
L2_Alloc = 0 
L2_WB = 0 
n_act = 20 
n_pre = 10 
n_ref = 0 
n_req = 504 
total_req = 504 

Dual Bus Interface Util: 
issued_total_row = 30 
issued_total_col = 504 
Row_Bus_Util =  0.000283 
CoL_Bus_Util = 0.004746 
Either_Row_CoL_Bus_Util = 0.005029 
Issued_on_Two_Bus_Simul_Util = 0.000000 
issued_two_Eff = 0.000000 
queue_avg = 0.013269 


dram_util_bins: 0 0 0 0 0 0 0 0 0 0
dram_eff_bins: 0 0 0 0 0 0 0 0 0 0
mrqq: max=6 avg=0.0132694
Memory Partition 19: 
Cache L2_bank_038:
MSHR contents

Cache L2_bank_039:
MSHR contents

In Dram Latency Queue (total = 0): 
DRAM[19]: 16 bks, busW=2 BL=16 CL=24, tRRD=12 tCCD=4, tRCD=24 tRAS=55 tRP=24 tRC=78
n_cmd=106184 n_nop=105650 n_act=20 n_pre=10 n_ref_event=0 n_req=504 n_rd=504 n_rd_L2_A=0 n_write=0 n_wr_bk=0 bw_util=0.01899
n_activity=5207 dram_eff=0.3872
bk0: 44a 106020i bk1: 44a 105994i bk2: 0a 106176i bk3: 0a 106177i bk4: 0a 106180i bk5: 0a 106184i bk6: 0a 106186i bk7: 0a 106187i bk8: 12a 106162i bk9: 12a 106160i bk10: 32a 106078i bk11: 32a 106057i bk12: 32a 106048i bk13: 32a 106060i bk14: 132a 105917i bk15: 132a 105851i 

------------------------------------------------------------------------

Row_Buffer_Locality = 0.960317
Row_Buffer_Locality_read = 0.960317
Row_Buffer_Locality_write = -nan
Bank_Level_Parallism = 1.151358
Bank_Level_Parallism_Col = 1.153027
Bank_Level_Parallism_Ready = 1.051587
write_to_read_ratio_blp_rw_average = 0.000000
GrpLevelPara = 1.139055 

BW Util details:
bwutil = 0.018986 
total_CMD = 106184 
util_bw = 2016 
Wasted_Col = 541 
Wasted_Row = 200 
Idle = 103427 

BW Util Bottlenecks: 
RCDc_limit = 386 
RCDWRc_limit = 0 
WTRc_limit = 0 
RTWc_limit = 0 
CCDLc_limit = 182 
rwq = 0 
CCDLc_limit_alone = 182 
WTRc_limit_alone = 0 
RTWc_limit_alone = 0 

Commands details: 
total_CMD = 106184 
n_nop = 105650 
Read = 504 
Write = 0 
L2_Alloc = 0 
L2_WB = 0 
n_act = 20 
n_pre = 10 
n_ref = 0 
n_req = 504 
total_req = 504 

Dual Bus Interface Util: 
issued_total_row = 30 
issued_total_col = 504 
Row_Bus_Util =  0.000283 
CoL_Bus_Util = 0.004746 
Either_Row_CoL_Bus_Util = 0.005029 
Issued_on_Two_Bus_Simul_Util = 0.000000 
issued_two_Eff = 0.000000 
queue_avg = 0.010237 


dram_util_bins: 0 0 0 0 0 0 0 0 0 0
dram_eff_bins: 0 0 0 0 0 0 0 0 0 0
mrqq: max=4 avg=0.0102369

========= L2 cache stats =========
L2_cache_bank[0]: Access = 2729, Miss = 885, Miss_rate = 0.324, Pending_hits = 511, Reservation_fails = 216
L2_cache_bank[1]: Access = 2747, Miss = 884, Miss_rate = 0.322, Pending_hits = 477, Reservation_fails = 213
L2_cache_bank[2]: Access = 2464, Miss = 880, Miss_rate = 0.357, Pending_hits = 457, Reservation_fails = 134
L2_cache_bank[3]: Access = 2479, Miss = 880, Miss_rate = 0.355, Pending_hits = 438, Reservation_fails = 78
L2_cache_bank[4]: Access = 2203, Miss = 880, Miss_rate = 0.399, Pending_hits = 287, Reservation_fails = 238
L2_cache_bank[5]: Access = 2198, Miss = 876, Miss_rate = 0.399, Pending_hits = 289, Reservation_fails = 217
L2_cache_bank[6]: Access = 2211, Miss = 880, Miss_rate = 0.398, Pending_hits = 284, Reservation_fails = 258
L2_cache_bank[7]: Access = 2472, Miss = 884, Miss_rate = 0.358, Pending_hits = 497, Reservation_fails = 170
L2_cache_bank[8]: Access = 1959, Miss = 890, Miss_rate = 0.454, Pending_hits = 28, Reservation_fails = 182
L2_cache_bank[9]: Access = 1973, Miss = 894, Miss_rate = 0.453, Pending_hits = 30, Reservation_fails = 218
L2_cache_bank[10]: Access = 2151, Miss = 891, Miss_rate = 0.414, Pending_hits = 230, Reservation_fails = 246
L2_cache_bank[11]: Access = 1959, Miss = 888, Miss_rate = 0.453, Pending_hits = 29, Reservation_fails = 222
L2_cache_bank[12]: Access = 1975, Miss = 892, Miss_rate = 0.452, Pending_hits = 29, Reservation_fails = 236
L2_cache_bank[13]: Access = 1961, Miss = 892, Miss_rate = 0.455, Pending_hits = 26, Reservation_fails = 169
L2_cache_bank[14]: Access = 1974, Miss = 892, Miss_rate = 0.452, Pending_hits = 29, Reservation_fails = 163
L2_cache_bank[15]: Access = 1975, Miss = 892, Miss_rate = 0.452, Pending_hits = 33, Reservation_fails = 196
L2_cache_bank[16]: Access = 2121, Miss = 840, Miss_rate = 0.396, Pending_hits = 288, Reservation_fails = 130
L2_cache_bank[17]: Access = 2386, Miss = 844, Miss_rate = 0.354, Pending_hits = 359, Reservation_fails = 186
L2_cache_bank[18]: Access = 1854, Miss = 836, Miss_rate = 0.451, Pending_hits = 24, Reservation_fails = 234
L2_cache_bank[19]: Access = 1847, Miss = 836, Miss_rate = 0.453, Pending_hits = 17, Reservation_fails = 188
L2_cache_bank[20]: Access = 2388, Miss = 564, Miss_rate = 0.236, Pending_hits = 547, Reservation_fails = 0
L2_cache_bank[21]: Access = 2398, Miss = 564, Miss_rate = 0.235, Pending_hits = 550, Reservation_fails = 0
L2_cache_bank[22]: Access = 2121, Miss = 560, Miss_rate = 0.264, Pending_hits = 276, Reservation_fails = 0
L2_cache_bank[23]: Access = 2399, Miss = 564, Miss_rate = 0.235, Pending_hits = 434, Reservation_fails = 0
L2_cache_bank[24]: Access = 1322, Miss = 324, Miss_rate = 0.245, Pending_hits = 272, Reservation_fails = 0
L2_cache_bank[25]: Access = 1313, Miss = 324, Miss_rate = 0.247, Pending_hits = 217, Reservation_fails = 0
L2_cache_bank[26]: Access = 1310, Miss = 324, Miss_rate = 0.247, Pending_hits = 270, Reservation_fails = 0
L2_cache_bank[27]: Access = 1298, Miss = 324, Miss_rate = 0.250, Pending_hits = 269, Reservation_fails = 0
L2_cache_bank[28]: Access = 1296, Miss = 320, Miss_rate = 0.247, Pending_hits = 118, Reservation_fails = 0
L2_cache_bank[29]: Access = 1300, Miss = 320, Miss_rate = 0.246, Pending_hits = 124, Reservation_fails = 0
L2_cache_bank[30]: Access = 1284, Miss = 320, Miss_rate = 0.249, Pending_hits = 114, Reservation_fails = 0
L2_cache_bank[31]: Access = 1291, Miss = 320, Miss_rate = 0.248, Pending_hits = 122, Reservation_fails = 0
L2_cache_bank[32]: Access = 1152, Miss = 264, Miss_rate = 0.229, Pending_hits = 172, Reservation_fails = 0
L2_cache_bank[33]: Access = 1148, Miss = 264, Miss_rate = 0.230, Pending_hits = 151, Reservation_fails = 0
L2_cache_bank[34]: Access = 1151, Miss = 264, Miss_rate = 0.229, Pending_hits = 122, Reservation_fails = 0
L2_cache_bank[35]: Access = 1153, Miss = 264, Miss_rate = 0.229, Pending_hits = 135, Reservation_fails = 0
L2_cache_bank[36]: Access = 1150, Miss = 264, Miss_rate = 0.230, Pending_hits = 165, Reservation_fails = 0
L2_cache_bank[37]: Access = 1151, Miss = 264, Miss_rate = 0.229, Pending_hits = 125, Reservation_fails = 0
L2_cache_bank[38]: Access = 1148, Miss = 264, Miss_rate = 0.230, Pending_hits = 155, Reservation_fails = 0
L2_cache_bank[39]: Access = 1151, Miss = 264, Miss_rate = 0.229, Pending_hits = 199, Reservation_fails = 0
L2_total_cache_accesses = 72562
L2_total_cache_misses = 24476
L2_total_cache_miss_rate = 0.3373
L2_total_cache_pending_hits = 8899
L2_total_cache_reservation_fails = 3894
L2_total_cache_breakdown:
	L2_cache_stats_breakdown[GLOBAL_ACC_R][HIT] = 3988
	L2_cache_stats_breakdown[GLOBAL_ACC_R][HIT_RESERVED] = 848
	L2_cache_stats_breakdown[GLOBAL_ACC_R][MISS] = 5950
	L2_cache_stats_breakdown[GLOBAL_ACC_R][RESERVATION_FAIL] = 3894
	L2_cache_stats_breakdown[GLOBAL_ACC_R][SECTOR_MISS] = 17838
	L2_cache_stats_breakdown[GLOBAL_ACC_R][MSHR_HIT] = 848
	L2_cache_stats_breakdown[LOCAL_ACC_R][HIT] = 0
	L2_cache_stats_breakdown[LOCAL_ACC_R][HIT_RESERVED] = 0
	L2_cache_stats_breakdown[LOCAL_ACC_R][MISS] = 0
	L2_cache_stats_breakdown[LOCAL_ACC_R][RESERVATION_FAIL] = 0
	L2_cache_stats_breakdown[LOCAL_ACC_R][SECTOR_MISS] = 0
	L2_cache_stats_breakdown[LOCAL_ACC_R][MSHR_HIT] = 0
	L2_cache_stats_breakdown[CONST_ACC_R][HIT] = 364
	L2_cache_stats_breakdown[CONST_ACC_R][HIT_RESERVED] = 440
	L2_cache_stats_breakdown[CONST_ACC_R][MISS] = 3
	L2_cache_stats_breakdown[CONST_ACC_R][RESERVATION_FAIL] = 0
	L2_cache_stats_breakdown[CONST_ACC_R][SECTOR_MISS] = 9
	L2_cache_stats_breakdown[CONST_ACC_R][MSHR_HIT] = 440
	L2_cache_stats_breakdown[TEXTURE_ACC_R][HIT] = 0
	L2_cache_stats_breakdown[TEXTURE_ACC_R][HIT_RESERVED] = 0
	L2_cache_stats_breakdown[TEXTURE_ACC_R][MISS] = 0
	L2_cache_stats_breakdown[TEXTURE_ACC_R][RESERVATION_FAIL] = 0
	L2_cache_stats_breakdown[TEXTURE_ACC_R][SECTOR_MISS] = 0
	L2_cache_stats_breakdown[TEXTURE_ACC_R][MSHR_HIT] = 0
	L2_cache_stats_breakdown[GLOBAL_ACC_W][HIT] = 32262
	L2_cache_stats_breakdown[GLOBAL_ACC_W][HIT_RESERVED] = 0
	L2_cache_stats_breakdown[GLOBAL_ACC_W][MISS] = 128
	L2_cache_stats_breakdown[GLOBAL_ACC_W][RESERVATION_FAIL] = 0
	L2_cache_stats_breakdown[GLOBAL_ACC_W][SECTOR_MISS] = 384
	L2_cache_stats_breakdown[GLOBAL_ACC_W][MSHR_HIT] = 0
	L2_cache_stats_breakdown[LOCAL_ACC_W][HIT] = 0
	L2_cache_stats_breakdown[LOCAL_ACC_W][HIT_RESERVED] = 0
	L2_cache_stats_breakdown[LOCAL_ACC_W][MISS] = 0
	L2_cache_stats_breakdown[LOCAL_ACC_W][RESERVATION_FAIL] = 0
	L2_cache_stats_breakdown[LOCAL_ACC_W][SECTOR_MISS] = 0
	L2_cache_stats_breakdown[LOCAL_ACC_W][MSHR_HIT] = 0
	L2_cache_stats_breakdown[L1_WRBK_ACC][HIT] = 0
	L2_cache_stats_breakdown[L1_WRBK_ACC][HIT_RESERVED] = 0
	L2_cache_stats_breakdown[L1_WRBK_ACC][MISS] = 0
	L2_cache_stats_breakdown[L1_WRBK_ACC][RESERVATION_FAIL] = 0
	L2_cache_stats_breakdown[L1_WRBK_ACC][SECTOR_MISS] = 0
	L2_cache_stats_breakdown[L1_WRBK_ACC][MSHR_HIT] = 0
	L2_cache_stats_breakdown[L2_WRBK_ACC][HIT] = 0
	L2_cache_stats_breakdown[L2_WRBK_ACC][HIT_RESERVED] = 0
	L2_cache_stats_breakdown[L2_WRBK_ACC][MISS] = 0
	L2_cache_stats_breakdown[L2_WRBK_ACC][RESERVATION_FAIL] = 0
	L2_cache_stats_breakdown[L2_WRBK_ACC][SECTOR_MISS] = 0
	L2_cache_stats_breakdown[L2_WRBK_ACC][MSHR_HIT] = 0
	L2_cache_stats_breakdown[INST_ACC_R][HIT] = 2573
	L2_cache_stats_breakdown[INST_ACC_R][HIT_RESERVED] = 7611
	L2_cache_stats_breakdown[INST_ACC_R][MISS] = 41
	L2_cache_stats_breakdown[INST_ACC_R][RESERVATION_FAIL] = 0
	L2_cache_stats_breakdown[INST_ACC_R][SECTOR_MISS] = 123
	L2_cache_stats_breakdown[INST_ACC_R][MSHR_HIT] = 7611
	L2_cache_stats_breakdown[L1_WR_ALLOC_R][HIT] = 0
	L2_cache_stats_breakdown[L1_WR_ALLOC_R][HIT_RESERVED] = 0
	L2_cache_stats_breakdown[L1_WR_ALLOC_R][MISS] = 0
	L2_cache_stats_breakdown[L1_WR_ALLOC_R][RESERVATION_FAIL] = 0
	L2_cache_stats_breakdown[L1_WR_ALLOC_R][SECTOR_MISS] = 0
	L2_cache_stats_breakdown[L1_WR_ALLOC_R][MSHR_HIT] = 0
	L2_cache_stats_breakdown[L2_WR_ALLOC_R][HIT] = 0
	L2_cache_stats_breakdown[L2_WR_ALLOC_R][HIT_RESERVED] = 0
	L2_cache_stats_breakdown[L2_WR_ALLOC_R][MISS] = 0
	L2_cache_stats_breakdown[L2_WR_ALLOC_R][RESERVATION_FAIL] = 0
	L2_cache_stats_breakdown[L2_WR_ALLOC_R][SECTOR_MISS] = 0
	L2_cache_stats_breakdown[L2_WR_ALLOC_R][MSHR_HIT] = 0
	L2_cache_stats_breakdown[GRID_BARRIER_ACC][HIT] = 0
	L2_cache_stats_breakdown[GRID_BARRIER_ACC][HIT_RESERVED] = 0
	L2_cache_stats_breakdown[GRID_BARRIER_ACC][MISS] = 0
	L2_cache_stats_breakdown[GRID_BARRIER_ACC][RESERVATION_FAIL] = 0
	L2_cache_stats_breakdown[GRID_BARRIER_ACC][SECTOR_MISS] = 0
	L2_cache_stats_breakdown[GRID_BARRIER_ACC][MSHR_HIT] = 0
	L2_cache_stats_breakdown[TLB_MISS_ACC_DATA][HIT] = 0
	L2_cache_stats_breakdown[TLB_MISS_ACC_DATA][HIT_RESERVED] = 0
	L2_cache_stats_breakdown[TLB_MISS_ACC_DATA][MISS] = 0
	L2_cache_stats_breakdown[TLB_MISS_ACC_DATA][RESERVATION_FAIL] = 0
	L2_cache_stats_breakdown[TLB_MISS_ACC_DATA][SECTOR_MISS] = 0
	L2_cache_stats_breakdown[TLB_MISS_ACC_DATA][MSHR_HIT] = 0
	L2_cache_stats_breakdown[TLB_MISS_ACC_INST][HIT] = 0
	L2_cache_stats_breakdown[TLB_MISS_ACC_INST][HIT_RESERVED] = 0
	L2_cache_stats_breakdown[TLB_MISS_ACC_INST][MISS] = 0
	L2_cache_stats_breakdown[TLB_MISS_ACC_INST][RESERVATION_FAIL] = 0
	L2_cache_stats_breakdown[TLB_MISS_ACC_INST][SECTOR_MISS] = 0
	L2_cache_stats_breakdown[TLB_MISS_ACC_INST][MSHR_HIT] = 0
	L2_cache_stats_breakdown[GLOBAL_ACC_R][TOTAL_ACCESS] = 28624
	L2_cache_stats_breakdown[CONST_ACC_R][TOTAL_ACCESS] = 816
	L2_cache_stats_breakdown[GLOBAL_ACC_W][TOTAL_ACCESS] = 32774
	L2_cache_stats_breakdown[INST_ACC_R][TOTAL_ACCESS] = 10348
L2_total_cache_reservation_fail_breakdown:
	L2_cache_stats_fail_breakdown[GLOBAL_ACC_R][MSHR_ENRTY_FAIL] = 3894
L2_cache_data_port_util = 0.051
L2_cache_fill_port_util = 0.031

icnt_total_pkts_mem_to_simt=72558
icnt_total_pkts_simt_to_mem=64189
LD_mem_lat_dist  0 0 0 0 0 0 0 0 0 0 0 0 0 0 0 0 0 0 0 0 0 0 0 0 0 0 0 0
ST_mem_lat_dist  0 0 0 0 0 0 0 0 0 0 0 0 0 0 0 0 0 0 0 0 0 0 0 0 0 0 0 0
----------------------------Interconnect-DETAILS--------------------------------
Req_Network_injected_packets_num = 64189
Req_Network_cycles = 19114
Req_Network_injected_packets_per_cycle =       3.3582 
Req_Network_conflicts_per_cycle =       2.8208
Req_Network_conflicts_per_cycle_util =       5.8886
Req_Bank_Level_Parallism =       7.0106
Req_Network_in_buffer_full_per_cycle =       0.0000
Req_Network_in_buffer_avg_util =       4.2788
Req_Network_out_buffer_full_per_cycle =       0.0000
Req_Network_out_buffer_avg_util =       0.2555

Reply_Network_injected_packets_num = 101646
Reply_Network_cycles = 19114
Reply_Network_injected_packets_per_cycle =        5.3179
Reply_Network_conflicts_per_cycle =        0.6559
Reply_Network_conflicts_per_cycle_util =       1.1941
Reply_Bank_Level_Parallism =       6.9116
Reply_Network_in_buffer_full_per_cycle =       0.0000
Reply_Network_in_buffer_avg_util =       0.3684
Reply_Network_out_buffer_full_per_cycle =       0.0000
Reply_Network_out_buffer_avg_util =       0.0558
----------------------------END-of-Interconnect-DETAILS-------------------------


gpgpu_simulation_time = 0 days, 0 hrs, 0 min, 10 sec (10 sec)
gpgpu_simulation_rate = 884361 (inst/sec)
gpgpu_simulation_rate = 1911 (cycle/sec)
gpgpu_silicon_slowdown = 894819x
GPGPU-Sim: *** simulation thread exiting ***
GPGPU-Sim: *** exit detected ***
